title,description,hub,coeType,enablementCategory,contentType,teams,products,format,externalUrl,videoUrl,slidesUrl,keyAssetUrl,keyAssetLabel,presenter,duration,publishDate,featured,priority
CoE Assistant,AI assistant that helps pull relevant proof points and best practices from the CoE,coe,internal-best-practice,,,sales|customer-success,,,https://gemini.google.com/gem/1Ni5NH8lMDJ7v_FCN6DdLo2irtn56cLJW?usp=sharing,,,,,,,,FALSE,
CoE Submission Tips,CoE workflow instructions and tips on how to submit.,coe,process-innovation,,,sales|customer-success,,,https://docs.google.com/document/d/1g9EmAtRMD8R0ZHuJltLUjjjKB37o852FyzwoK8vLdPc/edit?tab=t.0,,,,,,,,FALSE,
CoE Repository /Proof Point Repository,"Repository of all CoE submissions, customer quotes, and proof points",coe,internal-best-practice,,,sales|customer-success,,,https://docs.google.com/spreadsheets/d/1Y0n1rVskWIzWcegwCbfP7YUXkjV58TFf5S7LLxMkFNA/edit?gid=1231034257#gid=1231034257,,,,,,,,FALSE,
A+R Operational Tooling,Forecasting and prioritization framework accelerates assists and resolutions Why It Matters: This method aligns CS resources for maximum customer impact.,coe,tool,,,customer-success|implementation,,,https://docs.google.com/presentation/d/1xi66eHAkaQbQLUeQ7BHRCFU08a4of1t30REdRpCJv_4/edit?slide=id.g36efe0cce60_2_55#slide=id.g36efe0cce60_2_55,,,,,,,,FALSE,
Gladly Reports and Insights,Reporting walkthrough format improves clarity for customer conversations Why It Matters: A simplified presentation format makes reporting easier to explain.,coe,meeting-asset,,,implementation,gladly-team|insights-dashboards,,https://docs.google.com/presentation/d/1K3vl9yFqU54gkf1C0nhABoFxm0kLCY5Ci7r5DQT240E/edit?slide=id.g36025773fef_0_793#slide=id.g36025773fef_0_793,,,,,,,,FALSE,
Real CX Metrics,Proof of concept for CX metrics enables smarter coaching and renewals Why It Matters: Automating CX metrics provides actionable insights that improve outcomes.,coe,internal-best-practice,,,customer-success,insights-dashboards,,https://docs.google.com/presentation/d/1jDCjcoAwJ4Oq3xDP-AwzMW91iVY7VWDB_GG2-6lMK_0/edit?slide=id.g36025773fef_0_793#slide=id.g36025773fef_0_793,,,,,,,,FALSE,
Sidekick Debugging,"Sidekick debug playbook codifies deep product learnings Why It Matters: This creates a repeatable, accessible resource that saves time troubleshooting.",coe,internal-best-practice,,,customer-success,gladly-sidekick,,https://docs.google.com/presentation/d/1wXKPjMZRwOpHBuhglLDZbJhwOwfmkN_KpF0KUWY5OFU/edit?slide=id.g36025773fef_0_793#slide=id.g36025773fef_0_793,,,,,,,,FALSE,
Social Proof Case Studies & Testionials,"Slide deck of social proof, case studies, and tesimonials to drive credibility in your presentations",coe,meeting-asset,,,sales|customer-success,,,https://docs.google.com/presentation/d/1Los9XfjtmFBJbbcY5vUf9YuRhlDzocw5Y9wmJq9Slx8/edit?usp=drive_open&ouid=102926403603073320356,,,,,,,,FALSE,
Cross-Org Guides Looker Dashboard,Guide on how to interprate and use the Cross-Org Guides Looker Dashboard.,coe,tool,,,sales|customer-success,guides|insights-dashboards,,https://docs.google.com/document/d/1XANF2CXqwaMNooiz-raP4f0ukKQVyhcS2c_HEOkBffo/edit?tab=t.0#heading=h.a5cvact35pt3,,,,,,,,FALSE,
Sidekick Answers and Guides Dashboard,"This document describes three new Looker dashboards—Cross Org, Internal, and Embedded—designed to track the performance of Sidekick Guides and Answers.",coe,tool,,,sales|customer-success,gladly-sidekick|guides|insights-dashboards,,https://docs.google.com/document/d/1XANF2CXqwaMNooiz-raP4f0ukKQVyhcS2c_HEOkBffo/edit?tab=t.0#heading=h.uf7g68jyftcc,,,,,,,,FALSE,
Sidekick Sales Resolution Dashboard,Looker dashboard tracking Sidekick Sales resolution performance and conversion metrics.,coe,tool,,,sales,gladly-sidekick|insights-dashboards,,https://gladly.looker.com/dashboards/4266?Sidekick+Profile=&Name=&Guide+Type=&Action+Week=4+weeks&Guide+Status=&Channel=&Login+Domain=&Has+Sidekick+V2+Enabled+%28Yes+%2F+No%29=&Guide+Description=%25SidekickForSales%25,,,,,,,,FALSE,
Hex Answers Performance,Hex analytics dashboard for measuring Sidekick Answers performance across organizations.,coe,internal-best-practice,,,sales|customer-success,,,https://www.google.com/url?q=https%3A%2F%2Fapp.hex.tech%2F5fc41969-6b7a-495f-a378-414a6e730bc5%2Fapp%2F8aa59230-60a3-40b0-ad5d-61fa5c7d1116%2Flatest%3Ftab%3Dorg-level&sa=D&sntz=1&usg=AOvVaw0SEcCIs0ToDkV3tq3LX3tH,,,,,,,,FALSE,
Hex Journey For guides Report,Hex report tracking Journey for Guides performance and customer engagement metrics.,coe,internal-best-practice,,,sales|customer-success,guides|journeys|insights-dashboards,,https://www.google.com/url?q=https%3A%2F%2Fapp.hex.tech%2F5fc41969-6b7a-495f-a378-414a6e730bc5%2Fapp%2FJourneys-for-Guides-Report-2a6f6vphifGwHLgxf1Gael%2Flatest&sa=D&sntz=1&usg=AOvVaw0Gz_E1i_JHmVNfLUIe7FyB,,,,,,,,FALSE,
Sidekick Cross-Org Metrics,Cross-organization metrics dashboard for Sidekick usage and performance benchmarking.,coe,internal-best-practice,,,sales|customer-success,gladly-sidekick,,https://gladly.looker.com/dashboards/2634?Timestamp+Last+Closed+At+Week=10+week+ago+for+10+week&Name=,,,,,,,,FALSE,
Sidekick Adoption Playbook,"The purpose of this playbook is to empower Gladly’s Account Management and Customer Success teams with the insights, actions, and resources they need to drive meaningful adoption of Sidekick – acro...",coe,internal-best-practice,,,customer-success,gladly-sidekick|insights-dashboards,,https://docs.google.com/document/d/1jZSBq3GSv5iA33ZwAvv0dLGFQmKf2l4bIFVPZvr2T2g/edit?usp=drive_link,,,,,,,,FALSE,
Sidekick Expansion Playbook,"The purpose of this playbook is to empower Gladly’s Account Management and Customer Success teams with the insights, actions, and resources they need to drive meaningful expansion of Sidekick.",coe,internal-best-practice,,,customer-success,gladly-sidekick|insights-dashboards,,https://docs.google.com/document/d/1oNpLt1B6-dwblKtxXiQiYGynLkYesCe8LjAwhoIyQps/edit?usp=drive_link,,,,,,,,FALSE,
Multi-Channel Optimization Guide: Scaling Beyond Single -Channel Success,This guide is designed to help organizations successfully scale Sidekick across multiple customer service channels while maintaining high performance.,coe,internal-best-practice,,,customer-success|implementation,gladly-sidekick,,https://docs.google.com/document/d/1aQPaIBAK4Hjw7LK1U_2m8vYKjnIiatT3urUnmUMh10s/edit?tab=t.0,,,,,,,,FALSE,
Daily Optimization: Customer Success Patterns,"This guide reveals that consistent daily optimization—not technology, integrations, or budget—is the single most important predictor of Sidekick success, with frameworks for replicating top perform...",coe,internal-best-practice,,,customer-success,gladly-sidekick,,https://docs.google.com/document/d/1aQPaIBAK4Hjw7LK1U_2m8vYKjnIiatT3urUnmUMh10s/edit?tab=t.t4y35o22uw75,,,,,,,,FALSE,
Chat Optimization Mastery: The Path to 90% FCR,"This guide provides a comprehensive roadmap for achieving elite-level chat automation performance, with organizations reaching 85-90% First Contact Resolution rates.",coe,internal-best-practice,,,sales|customer-success,journeys,,https://docs.google.com/document/d/1aQPaIBAK4Hjw7LK1U_2m8vYKjnIiatT3urUnmUMh10s/edit?tab=t.x15qpd8k7ww0,,,,,,,,FALSE,
Rapid Value Realization: Customer Success Patterns,"This guide demonstrates that exceptional Sidekick results happen within weeks, not months, when implementations follow proven patterns—providing a framework for replicating rapid success and diagno...",coe,internal-best-practice,,,sales|customer-success|implementation,gladly-sidekick|journeys|insights-dashboards,,https://docs.google.com/document/d/1aQPaIBAK4Hjw7LK1U_2m8vYKjnIiatT3urUnmUMh10s/edit?tab=t.hou5gyam9uco,,,,,,,,FALSE,
Integration Depth: Customer Success Patterns,"This guide demonstrates how integration depth directly correlates with Sidekick resolution performance, providing a framework for building technical capabilities that drive results.",coe,internal-best-practice,,,sales|customer-success|implementation,gladly-sidekick,,https://docs.google.com/document/d/1aQPaIBAK4Hjw7LK1U_2m8vYKjnIiatT3urUnmUMh10s/edit?tab=t.bymvtz37h9kt,,,,,,,,FALSE,
Sidekick Answers & Actions Best Practice,"The purpose of this playbook is to understand applied examples and learnings from our Design, PS, TAM, product and engineering team on Answers and Actions best practices.",coe,internal-best-practice,,,sales|customer-success,gladly-sidekick,,https://docs.google.com/document/d/17xw1-c5Is6tDT7mwR3ZejHhjlU1sanRfdiSjjQrgAbU/edit?tab=t.6jyoekj0psl#heading=h.ln4hvsxicr78,,,,,,,,FALSE,
Customer Presentation Best Practices,"This document outlines a comprehensive set of best practices for creating and delivering effective customer presentations, emphasizing that slides should enhance, not replace, communication and be ...",coe,meeting-asset,,,sales|customer-success,gladly-team,,https://docs.google.com/document/d/1iSyUqK4DJ20SntBW9sgy7pQrHY2RGDbArf6Aqyiy6TY/edit?tab=t.g3xbr9tk8abx#heading=h.dnz75twoxhkz,,,,,,,,FALSE,
Customer Asset Library,"This spreadsheet, titled ""FY26 Customer Meetings + BVAs,"" serves as a customer asset library to track and store materials from customer engagements such as Business Value Assessments (BVA), Executi...",coe,meeting-asset,,,sales,,,https://docs.google.com/spreadsheets/d/1F6hagYyIKi614gmOO7WedoCs2CItxOoCVepQTXQiWTQ/edit?gid=1403690311#gid=1403690311,,,,,,,,FALSE,
Asset Submission Form,Form for submitting new enablement assets and content to the CoE repository.,coe,internal-best-practice,,,sales|customer-success,,,https://docs.google.com/forms/d/e/1FAIpQLScT21C-U0bDh0wXbAYRttoNr1pZa-Dhk8UJZdmbhi3pzB7Fdw/viewform,,,,,,,,FALSE,
Sales to CS Handoff Template,"This document is a ""Sales to CSM Hand-Off Sheet"" template designed to facilitate a smooth transition of a customer account from the sales team to the Customer Success Management (CSM) team.",coe,tool,,,sales|customer-success|implementation,journeys|insights-dashboards,,https://docs.google.com/document/d/1M0rIA7QBIgUsW3FjVgtZDA_46g9ZYp0C8VQ_7NAHnpo/edit?tab=t.0#heading=h.cfwyuyvb0ol1,,,,,,,,FALSE,
Smith Optics Example,"This document is the Sales to Customer Success Management (CSM) hand-off sheet for the Smith Optics account, outlining a formal transition process, a detailed account overview, and a deal summary f...",coe,meeting-asset,,,sales|customer-success|implementation,,,https://docs.google.com/document/d/1HywoayjnDvphx0CtZ2n8z2OcDRSFSlH76ChokhKuNjs/edit?tab=t.0#heading=h.5xhhdnu9py0g,,,,,,,,FALSE,
Birkenstock Example,"This document is a Gladly Customer Handoff Form for the Birkenstock account. It outlines the customer overview, including Birkenstock's retail industry, primary contact Nathaniel Yordan, and compan...",coe,meeting-asset,,,sales|implementation,gladly-sidekick,,https://docs.google.com/document/d/1iBOiwCrJX2BrTAPRtSklTKqoeu567j0rTB56N2nwINE/edit?tab=t.0#heading=h.2n68j0sv88so,,,,,,,,FALSE,
Rules of Engagement 2025,"This document, Sales Rules of Engagement 2025, outlines the guidelines for the Gladly Sales Team concerning account ownership, award distribution, and handling conflicts to ensure fairness and maxi...",content,,,document,sales,gladly-team,,https://docs.google.com/document/d/1bP8Me45egh-C66SbsoTQOyObrlYXhb58pY-h6jiEY0I/edit?usp=sharing,,,,,,,,FALSE,
Salesforce Guide,"This document, titled ""Sales - Salesforce Guide,"" serves as a comprehensive resource for the Sales team, detailing key opportunity fields and reports within Salesforce.",content,,,document,sales,insights-dashboards,,https://docs.google.com/document/d/1S-6K8kPROoVJIKYsS0qF1Sffw4K-itn5gfKvdsCOwl4/edit?usp=sharing,,,,,,,,FALSE,
Sales Attribution Guide,"This document is a presentation detailing a company's sales attribution model, which is used to measure how marketing and sales activities influence the pipeline.",coe,meeting-asset,,,sales,,,https://docs.google.com/presentation/d/1HGD3xdJDt3RXLTLQwI8WNkv6Lj8qsR4XiLqfS3s921A/edit?usp=sharing,,,,,,,,FALSE,
Ready To Win Dashboard,Salesforce dashboard tracking deal readiness and opportunity health indicators.,content,,,document,sales,insights-dashboards,,https://gladly.lightning.force.com/lightning/r/Dashboard/01ZQh000002EJ01MAG/view?queryScope=userFolders,,,,,,,,FALSE,
Weekly Forecast - SLT,Senior Leadership Team weekly forecast dashboard for pipeline and revenue tracking.,content,,,document,sales,,,https://gladly.lightning.force.com/lightning/r/Dashboard/01ZQh000002aBgXMAU/view?queryScope=userFolders,,,,,,,,FALSE,
Gladly Academy,Gladly's customer training platform with self-paced courses and certifications.,content,,,document,sales,gladly-team,,https://academy.gladly.com/,,,,,,,,FALSE,
Gladly Integrations Marketplace,Browse available integrations and partnership options for the Gladly platform.,content,,,document,sales,gladly-team,,https://www.gladly.ai/integrations/,,,,,,,,FALSE,
CX Benchmark Reports,Industry benchmark reports comparing CX performance across retail sectors.,content,,,document,sales,insights-dashboards,,https://cdn.sanity.io/files/ny21dgz6/production/612a9d414bff8e7e4f647c467532b4e08c617b76.pdf,,,,,,,,FALSE,
SOW (implementation) Packages,Implementation package options and SOW templates for professional services.,content,,,document,sales|implementation,,,https://help.gladly.com/implementation/docs/implementation-packages,,,,,,,,FALSE,
Gladly Trust (Security & Compliance),"Security certifications, compliance documentation, and trust center resources.",content,,,document,sales,gladly-team,,https://trust.gladly.com/,,,,,,,,FALSE,
Customer Interest Tracker,"This spreadsheet, titled ""Email & Voice,"" serves as a tracker for various accounts interested in or implementing Sidekick Email and/or Sidekick Voice products.",content,,,document,sales|customer-success|implementation,gladly-sidekick,,https://docs.google.com/spreadsheets/d/1tOFcQUvVg6cSHAq-JY8TwLn2qewbmZ3ZgRmQ-tJSffI/edit?gid=2127367014#gid=2127367014,,,,,,,,FALSE,
Mutual Action Plan,"This spreadsheet, titled ""Evaluation Project Plan,"" outlines the phases and milestones for a potential customer's evaluation and implementation of the Gladly platform.",content,,,document,sales|implementation,gladly-team,,https://docs.google.com/spreadsheets/d/1ITLchrUDhkvU7DsxhNNN6kUbTYKWHMjohSpQ5gtNK00/edit?gid=560636638#gid=560636638,,,,,,,,FALSE,
Proposal Template,"This spreadsheet is a pricing proposal for ""Gladly Hero"" and includes general contract information.",content,,,document,sales,gladly-team,,https://docs.google.com/spreadsheets/d/187LXdG7xKeCQwKdjikjDZxhAAHpMJHna/edit?gid=1659187427#gid=1659187427,,,,,,,,FALSE,
MEDPICCC Scorecard Template,"This spreadsheet appears to be a sales methodology or deal qualification checklist, using criteria like Metrics, Economic Buyer, Decision Criteria, and Champion, indicated by the acronyms in the fi...",coe,tool,,,sales,,,https://docs.google.com/spreadsheets/d/1IEQ8w-FyK91FRismy5oOW3OKfJDSlaccdK8vqRlvL-U/edit?gid=0#gid=0,,,,,,,,FALSE,
Content Garden,"This spreadsheet, titled ""Content Garden,"" appears to be an inventory of marketing and content assets related to customer experience (CX) and Artificial Intelligence (AI).",content,,,document,sales,,,https://docs.google.com/spreadsheets/d/1y-p4_Ax7PKwfKDRa3djxYLAjD9tnc3m42YmYwa44aE4/edit?gid=921100291#gid=921100291,,,,,,,,FALSE,
Proof Point Repository,"This spreadsheet, titled ""Metrics of Success,"" catalogs various performance metrics and results achieved by different brands or internal calculations, primarily related to the ""Gladly Hero"" and ""Gl...",coe,tool,,,sales,gladly-sidekick,,https://docs.google.com/spreadsheets/d/1Y0n1rVskWIzWcegwCbfP7YUXkjV58TFf5S7LLxMkFNA/edit?gid=1725734072#gid=1725734072,,,,,,,,FALSE,
Roadmap Figma Prototypes,"This document, titled ""Product Prototypes + Scripts 2025,"" outlines several Gladly prototypes including Guides and Sidekick Sales, along with their corresponding scripts, directions, and links to F...",content,,,document,sales|solutions-consultant,gladly-sidekick|guides,,https://docs.google.com/document/d/10YIgb8-OUFY7K_fbhXZByC30PqgLfDZ4HLPqN-9e6Go/edit?tab=t.e47fz4z840sx#heading=h.d25glnaujae3,,,,,,,,FALSE,
First Meeting Deck Template,"This is the ""First Meeting Deck"" for Gladly, a Customer Experience (CX) platform, designed to introduce their solution powered by Customer AI.",content,,,deck,sales|customer-success,gladly-team,,https://docs.google.com/presentation/d/1Qdyxq28dI7SgXoglXYJeTR0ErMc3Z0VFYKfCOg5dOhA/edit?slide=id.g36025773fef_0_793#slide=id.g36025773fef_0_793,,,,,,,,FALSE,
Sidekick Standalone Deck template,"This presentation introduces Sidekick for [platform], an AI-powered customer experience solution designed to be Conversational, Agentic, and Contextual, resolving the false choice between efficient...",enablement,,value-realization,,sales|customer-success,gladly-sidekick,on-demand,,https://docs.google.com/presentation/d/13zg3jeg-RM2d8IY04dsXC4gxZfveHg6fYIVMOTueCTc/edit?slide=id.g3533f3539b1_0_332#slide=id.g3533f3539b1_0_332,,,,,,,FALSE,
Buyout program Deck,"This document is a confidential, internal sales presentation template for a ""Buyout Program"" offered by Gladly.",content,,,deck,sales,gladly-team,,https://docs.google.com/presentation/d/1cIkq1VaWWpDKbLiloUbFm0y0om6STAOwpBlBxHjjNyw/edit?slide=id.g26455bc3513_4_48#slide=id.g26455bc3513_4_48,,,,,,,,FALSE,
White Glove Implementation Service Template,"This document is a sales template for Gladly's ""White Glove Implementation Service,"" which is a premium offering designed to accelerate deals by removing IT-related objections and taking on a great...",content,,,document,sales|implementation,gladly-team,,https://docs.google.com/presentation/d/1jz0QT608uwqKy4-Q_EHKmCK4LBhGU6-E5O_g91f-nHY/edit?slide=id.g26455bc3513_4_48#slide=id.g26455bc3513_4_48,,,,,,,,FALSE,
Sales Implementation Template,"This is the ""Implementation Template: 101 Sales"" deck, a resource for the Sales team to manage the first of three customer touchpoints following a new deal.",content,,,document,sales|implementation,gladly-team,,https://docs.google.com/presentation/d/1MHch8KiJuchtUqvvzda3d6H4kUPi39ixqPoUNYhIQSk/edit?usp=drive_link,,,,,,,,FALSE,
Gladly One Pager,"This document is a one-pager overview of the Gladly AI-powered Customer Service Platform, designed to transform support experiences by putting the customer at the center of every service conversation.",content,,,one-pager,sales,gladly-sidekick,,https://drive.google.com/file/d/1bT7UvpYZ3fWHfvuc_3ZQoE8AKPnoLDul/view?usp=sharing,,,,,,,,FALSE,
Customer AI One Pager,". It is designed around customers and continuous conversations—not tickets—offering genuinely intelligent understanding of customer intent and operating fluently across all channels, including voic...",content,,,one-pager,sales,,,https://drive.google.com/file/d/1dVUrfYkQUHbuUY2kiM3WnfnoZOlGLY1D/view?usp=sharing,,,,,,,,FALSE,
Sidekick One Pager,". Sidekick uses ""Customer-first intelligence"" to see the full picture and offers ""Sidekick Answers"" to deliver instant, accurate information from your knowledge base, and ""Sidekick Actions"" for rea...",content,,,one-pager,sales,gladly-sidekick,,https://drive.google.com/file/d/1Xl3R5PDZoySXnOno8LDVcNiyCbwmOvHW/view?usp=drive_link,,,,,,,,FALSE,
Tickets vs Customer One Pager,This document compares Ticket-Based vs. Customer-Based CX Systems to illustrate how customer experience solutions have evolved to meet modern customer expectations.,content,,,one-pager,sales,,,https://drive.google.com/file/d/1Oa8C8FDs3SroU03unBen6fPGkAUpn-_Y/view?usp=drive_link,,,,,,,,FALSE,
Gladly Eliminates Silos One Pager,"This document, titled ""Use Case One Pager,"" explains how Gladly eliminates Customer Experience (CX) silos by fully integrating conversations into a unified, customer-first platform.",content,,,one-pager,sales,gladly-sidekick,,https://drive.google.com/file/d/1pY4hOMPc7YhXm2AskFHACR6Zw33MDcnR/view?usp=sharing,,,,,,,,FALSE,
Sidekick Voice One Pager,"This document is a product one-pager for Gladly's ""Sidekick Voice,"" an AI-powered solution designed to deliver instant, personalized, and human-like customer support over the phone.",content,,,one-pager,sales,gladly-sidekick,,https://drive.google.com/file/d/1wxAKviS7giWFTpBeAyQBpafinG9gjk-n/view?usp=drive_link,,,,,,,,FALSE,
Guides and Journeys One Pager,"This document is a product one-pager for Gladly Customer AI's Guides and Journeys for Sidekick, designed to let customer teams own their AI strategy without needing IT support or technical expertise.",content,,,one-pager,sales,gladly-sidekick|guides|journeys,,https://drive.google.com/file/d/1AqXx3BV7UtlUeiovr20Dsc1Rc2qS-u9f/view,,,,,,,,FALSE,
Sales + Marketing Org Chart,"This spreadsheet, titled ""Sales Org Chart,"" serves as a directory for employees, primarily within the Sales and Marketing organizations.",content,,,document,sales,,,https://docs.google.com/spreadsheets/d/1Dv2ePK-KcJlB0wu-en-hpKzO6titiAvG5Uj3xnmrZIs/edit?gid=0#gid=0,,,,,,,,FALSE,
Sales Force Guide,"This document, the Sales - Salesforce Guide, serves as a centralized resource for the Sales team to understand key Salesforce opportunity fields, reports, and associated definitions.",content,,,document,sales,insights-dashboards,,https://docs.google.com/document/d/1S-6K8kPROoVJIKYsS0qF1Sffw4K-itn5gfKvdsCOwl4/edit?tab=t.h9ag4pgmc390#heading=h.hd88vogbr7a4,,,,,,,,FALSE,
Demoing Gladly Set Up Instructions,"This document is the comprehensive ""go-to guide"" for setting up and conducting a product demonstration of Gladly, an AI-powered customer service platform.",content,,,document,customer-success|solutions-consultant,gladly-team,,https://docs.google.com/document/d/1_ghQAlKgoWlT6vJeZ93hOkP4x6Eg5ft3alxyebSrs5s/edit?tab=t.8he7fz6pw1bq#heading=h.mr16ie5z3f3u,,,,,,,,FALSE,
Gladly Platform Demo Guide & Script | Q2 2025 Demo Certification,This document is the comprehensive Gladly Platform Demo Guide & Script for the Q2 2025 Demo Certification.,enablement,,internal-ops,,customer-success|solutions-consultant,gladly-sidekick|guides|journeys,course,,https://docs.google.com/presentation/d/12YzsXee5kkEtBO9vTFsI2SEfJrkjhd2zpVgqtNEwDT8/edit?slide=id.p1#slide=id.p1,,,,,,,FALSE,
Demo Enablement: Mapping to Gladly Narrative,"This document is a ""Discovery and Scoping Worksheet"" designed to provide Solutions Consultants (SCs) with comprehensive scoping and discovery questions, organized by category.",enablement,,gtm-strategy,,sales|customer-success|solutions-consultant|implementation,gladly-team,on-demand,,https://docs.google.com/document/d/1giuqDNNjtd_ziX4zDraftQtgVBFdoPN7yFP6M7hwkQs/edit?tab=t.496d7ppa3z8w#heading=h.y191vu3qqtk1,,,,,,,FALSE,
Project Discovery & Scoping (SC),"This document is a ""Discovery and Scoping Worksheet"" designed to provide Solutions Consultants (SCs) with comprehensive scoping and discovery questions, organized by category.",content,,,document,sales|customer-success|solutions-consultant|implementation,,,https://docs.google.com/spreadsheets/d/1lEFVhGrIfID9uMZfkNiMPcIfEfzmNsJTBE5xUA1QUIA/edit?gid=368153992#gid=368153992,,,,,,,,FALSE,
Strategic Discovery Questions (SC's),This document is a strategic guide containing categorized discovery questions intended for Sales Consultants (SC's) to use during deep-dive conversations with potential clients.,coe,tool,,,sales|solutions-consultant,,,https://docs.google.com/document/d/1ZFZplRWjxyZ7AUeTZz8Ky7NGsTT_JS8TeZz0_nbGFq8/edit?tab=t.0,,,,,,,,FALSE,
[Template] Gladly x [customerName] - SOW Readout Deck,"This document is a template for a Statement of Work (SOW) Readout Deck, designed to outline the project plan for a customer's implementation of the Gladly customer service platform, with a focus on...",content,,,deck,customer-success|solutions-consultant|implementation,gladly-team,,https://docs.google.com/presentation/d/12YzsXee5kkEtBO9vTFsI2SEfJrkjhd2zpVgqtNEwDT8/edit?slide=id.p1#slide=id.p1,,,,,,,,FALSE,
SOW Scoping + Readout Deck (MANSCAPED),"This document is a Statement of Work (SOW) Scoping and Readout Deck that outlines the proposed project timeline, scope, and implementation details for a customer project, including channels, histor...",content,,,deck,customer-success|solutions-consultant|implementation,gladly-team|insights-dashboards,,https://docs.google.com/presentation/d/1w3QooAsWLRNNFJdI8hs7DU-I9xcBQOg7bvoDK9fzWfA/edit?slide=id.g35529eeec06_0_579#slide=id.g35529eeec06_0_579,,,,,,,,FALSE,
Implementation Template: 201 SC,"This document is the ""Implementation Template: 201 Solutions Consultant"" deck, intended for use during the customer scoping phase to prepare a proposal, clarify customer needs, and introduce implem...",content,,,document,sales|customer-success|solutions-consultant|implementation,,,https://docs.google.com/presentation/d/1uDIMkEiY8htWjZaDt9L3LLXfZRehtXwCh9g8e3mmBUg/edit?usp=drive_link,,,,,,,,FALSE,
Demo Monkey Training,"This video is a training session on how to use the Demo Monkey Chrome extension to customize the look and text of a demonstration environment and a prospect's website, such as changing generic reta...",enablement,,product,,customer-success|solutions-consultant,gladly-sidekick|insights-dashboards,on-demand,,https://drive.google.com/file/d/1k69fFByM3yZ-4XZm6b6u0me53ZO44Qdr/view,,,,,,,FALSE,
Salesforce Guide,"This document, the ""CS Salesforce Guide,"" serves as a comprehensive resource for understanding key Customer Success (CS) opportunity fields in Salesforce.",content,,,document,sales|customer-success,,,https://docs.google.com/document/d/1cYQAXEPb3wb8XxzDJMdaCzMtEvyUSb_VwJc-dMsDUJc/edit?usp=sharing,,,,,,,,FALSE,
QBR Guide,"This document outlines an automated process for creating Quarterly Business Review (QBR) slide decks to ensure greater accuracy, speed, and quality while saving time for both CSMs and RevOps.",content,,,document,customer-success,,,https://docs.google.com/presentation/d/11EMqR6s3KOlnRafjzgITBmt4QyUFgvlC2zRxfvsmydU/edit?usp=sharing,,,,,,,,FALSE,
CSM Compensation Guide (FY2026 Q2),"This document is the CSM Compensation Guide FY2026, which details the variable compensation models for Customer Success Managers across Q1, Q2, and Q3.",content,,,document,customer-success,,,https://docs.google.com/document/d/1xBiMzV5QbgbcLFkOQTdfm5OOFbEs7uvdb5iX1W4clus/,,,,,,,,FALSE,
Pod Success Dashboard,"This document appears to be a README sheet for a spreadsheet used to track customer experience (CX) data, specifically focusing on forecast, pace, and resolution for a set of top accounts.",content,,,document,customer-success,insights-dashboards,,https://docs.google.com/spreadsheets/d/1TcjaiHWCc74sM9rRSP9UcN8rtxhoBUUI7sMKRetOpro/edit?usp=sharing,,,,,,,,FALSE,
Renewals Dashboard,Salesforce dashboard for tracking customer renewals pipeline and retention metrics.,content,,,document,customer-success,insights-dashboards,,https://gladly.lightning.force.com/lightning/r/Dashboard/01Z8a0000010XbjEAE/view?queryScope=userFolders,,,,,,,,FALSE,
Product Utilization - (CSM),Dashboard tracking product utilization metrics for Customer Success team oversight.,content,,,document,customer-success,,,https://gladly.lightning.force.com/lightning/r/Dashboard/01ZQh000002I19NMAS/view,,,,,,,,FALSE,
Consumption Dashboard,Dashboard monitoring customer consumption patterns and usage trends.,content,,,document,customer-success,insights-dashboards,,https://gladly.lightning.force.com/lightning/r/Dashboard/01ZQh000002gUYPMA2/view,,,,,,,,FALSE,
Executive Meeting Schedule & Summaries,"This document contains detailed meeting notes from May to December 2025 regarding Gladly's partnership with Nordstrom, outlining executive discussions and technical workstreams.",content,,,document,customer-success,gladly-sidekick,,https://docs.google.com/document/d/1r8gaizvRrwq9_cO4py62TSXoTbB5M68NJMvATRjugtE/edit?tab=t.0#heading=h.nzm35iuxl10v,,,,,,,,FALSE,
Exec Summary Template,Template for creating executive business review summary documents.,content,,,document,customer-success,,,https://docs.google.com/document/d/14LpTNuM_v8QvJMv4122mFbkS_tWiLaMQPQ_oKpzBcaw/template/preview,,,,,,,,FALSE,
Customer AI Guide,Comprehensive guide to Gladly's Customer AI capabilities and implementation.,content,,,document,customer-success,,,https://cdn.sanity.io/files/ny21dgz6/production/6af3c91cf9107316fbe87182799ea3d62f17887c.pdf,,,,,,,,FALSE,
CS Introduction Template (QUINCE),"This document is the ""Quince + Gladly Success Introduction 6.25"" presentation, outlining the kickoff of the customer success partnership between the customer service platform Gladly and the brand Q...",content,,,document,customer-success,gladly-team,,https://docs.google.com/presentation/d/18Wh79N-YB3I71kxlLcTbgOiMvo4X2YIWwq25mSRFR4w/edit?slide=id.g3623cbcd2d1_4_143#slide=id.g3623cbcd2d1_4_143,,,,,,,,FALSE,
Automated QBR Decks,"This presentation, titled ""Automating QBRs: Less Manual Work, More Impact!"", outlines the process for requesting an automated Quarterly Business Review (QBR) slide deck.",content,,,deck,customer-success,,,https://docs.google.com/presentation/d/11EMqR6s3KOlnRafjzgITBmt4QyUFgvlC2zRxfvsmydU/edit?slide=id.g35df72a2580_0_132#slide=id.g35df72a2580_0_132,,,,,,,,FALSE,
Customer Meeting Template (Megadeck),"This document is the ""Customer Meeting Template aka Megadeck - FY26 Q4 Update,"" a modular presentation for Customer Success Managers and Account Managers to use with current customers.",coe,meeting-asset,,,customer-success,gladly-sidekick,,https://docs.google.com/presentation/d/1BMqm50ls4lJfYPw1TSyoSFjuBmM3u2m8PVEwTNy5Rko/edit?slide=id.g33d39233a97_0_6#slide=id.g33d39233a97_0_6,,,,,,,,FALSE,
Sidekick Lite Calculator,"This document serves as a comprehensive guide for calculating, projecting, and reporting the business value and ROI of the ""Sidekick"" product.",coe,tool,,,customer-success,gladly-sidekick|insights-dashboards,,https://docs.google.com/spreadsheets/d/1PMTbK4qKdIdlFFezp2lT9KQQNI7XQTM0taun7ySAXFk/edit?gid=668504392#gid=668504392,,,,,,,,FALSE,
CSM Compensation,"This document is the CSM Compensation Guide for FY 2026, detailing the Customer Success Manager variable pay models for Q1, Q2, and Q3.",content,,,document,customer-success,,,https://docs.google.com/document/d/1xBiMzV5QbgbcLFkOQTdfm5OOFbEs7uvdb5iX1W4clus/edit?tab=t.9t447anjdwmn#heading=h.obkpegulbcns,,,,,,,,FALSE,
Agent Communication Time Metric Play,This document is a Usage Guide for Customer Success Managers (CSMs) on the Agent Communication Time (ACT) Savings metric and its related dashboards.,coe,tool,,,customer-success,gladly-sidekick|insights-dashboards,,https://docs.google.com/document/d/1WmWw8trPMQW0Pjedem1XZpU1BnckACMhdBs9D-fhb5I/edit?tab=t.0,,,,,,,,FALSE,
Marketing Attribution Guide,"This document, the ""Gladly Attribution Guide,"" establishes the single source of truth for defining and measuring opportunity attribution across all teams, ensuring clear definitions and alignment a...",content,,,document,sales,gladly-team,,https://docs.google.com/presentation/d/18732hX3L2Hm5ySPYd78K_UzoqEWVKbvGcGJVIcn7oQM/edit?usp=sharing,,,,,,,,FALSE,
Internal Segmentation Guide,"This document is Gladly’s Internal Segmentation Guide, which records the company's most used campaign audience lists for sales and marketing efforts.",content,,,document,sales,gladly-team,,https://docs.google.com/document/d/1ccNh6ZByNbiYr4zDymvM1TQQF6JZ3JAGSOwHYIXXATM/edit?usp=sharing,,,,,,,,FALSE,
Bottoms Up Pipeline Target Setting,"This spreadsheet, titled ""Approach Overview,"" appears to be a financial planning or forecasting document for sales and pipeline targets spanning Q1 FY25 through Q4 FY26.",content,,,document,sales,,,https://docs.google.com/spreadsheets/d/1QXJX3_K2bS5LwQj-CAtEhVoC-Hwc5EkWnghYs-IrM8U/edit?usp=sharing,,,,,,,,FALSE,
Marketing Dashboard,Marketing performance dashboard tracking campaigns and attribution metrics.,content,,,document,sales|customer-success,insights-dashboards,,https://gladly.lightning.force.com/lightning/r/Dashboard/01ZQh000001rOrdMAE/view?queryScope=userFolders,,,,,,,,FALSE,
Full Funnel Customer Expansion Dash,Full-funnel dashboard for tracking customer expansion opportunities.,content,,,document,sales|customer-success,,,https://gladly.lightning.force.com/lightning/r/Dashboard/01ZQh000002cLtVMAU/view,,,,,,,,FALSE,
Pipeline Reporting - Weekly Bus Review,"This spreadsheet, ""\[This FQ\]*DO NOT EDIT* Synced to Salesforce,"" is a record of sales opportunities.",content,,,document,sales,gladly-sidekick|insights-dashboards,,https://docs.google.com/spreadsheets/d/1OeuVoAEZjRyWrm1_0vtKAT_voOpykuHXqsNF56LX_24/edit?usp=sharing,,,,,,,,FALSE,
Pipeline Reporting - EOQ Documentation,"This spreadsheet, titled ""*DO NOT EDIT* Synced to Salesforce,"" is a sales pipeline or opportunity tracker detailing accounts and their opportunities.",coe,tool,,,sales,gladly-sidekick|insights-dashboards,,https://docs.google.com/spreadsheets/d/11XMQOYakYqJPk7QdEZGKGdPa1mgOAe_N_XWSSPEROHk/edit?usp=sharing,,,,,,,,FALSE,
Pipeline Coverage - Board Reporting,"This spreadsheet, titled ""Coverage Summary,"" tracks key performance indicators related to New Business CARR (Contracted Annual Recurring Revenue) targets, actuals, and pipeline coverage across diff...",content,,,document,sales|customer-success,insights-dashboards,,https://docs.google.com/spreadsheets/d/1lJk3sbUAvABXpzskfh-I7OjwYHCtYb8kM-oWZgx3f0o/edit?usp=sharing,,,,,,,,FALSE,
Gladly Brand Guidelines (High Level),"This document is the **Brand Guidelines (High Level)** presentation, designed to ensure a strong and consistent representation of the Gladly brand across all communications.",content,,,document,sales|customer-success,gladly-team,,https://docs.google.com/presentation/d/10SILxH41R64hYfIngnCsO3nZfbJY7zFDGB2cA9b1FoM/edit?slide=id.g36025773fef_0_793#slide=id.g36025773fef_0_793,,,,,,,,FALSE,
Gladly Brand Guidelines,"This document, the Gladly Brand Guidelines, introduces the identity, guiding principles, and elements that express the Gladly brand, covering basic elements like the logotype, colors, typography, v...",content,,,document,sales|customer-success,gladly-team,,https://drive.google.com/file/d/1VnyDlJmpByt7nBbAmBVXQnA4lpBnqM5v/view,,,,,,,,FALSE,
GTM Launch Sizing,"This document, ""GTM Launch Sizing,"" defines a framework of ""T-shirt Sizes"" (X-Large, Large, Medium, Small) to categorize Go-To-Market (GTM) launches based on their scale, required effort, and busin...",content,,,document,sales|customer-success,gladly-team,,https://docs.google.com/document/d/1xbK_FVGttqS2Kd8Hc-uL7U1mCvSelL9uyaD0kGgZUf0/edit?tab=t.0,,,,,,,,FALSE,
Gladly Awards Slide,"This document, titled ""STMP - Awards Wall 2025,"" is a Google Slides presentation containing templates to showcase Gladly's industry awards, specifically highlighting the ""Disruptive Technology of t...",content,,,document,sales,gladly-team,,https://docs.google.com/presentation/d/1JSs7366K039u3AhBiO-vxGEXv6b7avB5XhL_wlvyXSo/edit?slide=id.g36e847b60d7_0_343#slide=id.g36e847b60d7_0_343,,,,,,,,FALSE,
"Case Studies, Testimonials, Social Proof Slides","This presentation, titled ""Social Proof | Case Studies, Testimonials, Social Proof,"" is a collection of customer success stories, quotes, and key metrics demonstrating the impact of the Gladly plat...",coe,meeting-asset,,,sales|customer-success,gladly-sidekick,,https://docs.google.com/presentation/d/1Los9XfjtmFBJbbcY5vUf9YuRhlDzocw5Y9wmJq9Slx8/edit?usp=drive_link,,,,,,,,FALSE,
Inbound Content Tracker,"This spreadsheet, named ""Gladly Editorial Tracker,"" is used to monitor and manage editorial content projects.",content,,,document,sales|customer-success,gladly-team,,https://docs.google.com/spreadsheets/d/1zpjKQfkjY0503zAhMlGVFxtkhJ-iblFiHVREZBFOiMk/edit?gid=1563328928#gid=1563328928,,,,,,,,FALSE,
Content Garden,"This spreadsheet, titled ""Content Garden,"" functions as a comprehensive inventory of content assets, primarily focused on AI and Customer Experience (CX) topics.",content,,,document,sales,,,https://docs.google.com/spreadsheets/d/1y-p4_Ax7PKwfKDRa3djxYLAjD9tnc3m42YmYwa44aE4/edit?gid=921100291#gid=921100291,,,,,,,,FALSE,
Content Cheat Sheet,"This document is the Content Cheat Sheet, a guide from the Gladly Content Team that details their mission, core resources, and current Q3 2025 content priorities and goals.",content,,,document,sales|customer-success,gladly-team,,https://docs.google.com/document/d/1wQGGRdwZEQIUoTYM-g50Qn5m90cSTCpiQ7-jDUPhk7o/edit?tab=t.0#heading=h.qhdqvwp9dmyj,,,,,,,,FALSE,
How To Work With RevOps,"This document, ""How To Work With RevOps,"" serves as a guide to help employees understand the Revenue Operations team, defining what RevOps is responsible for and how they are organized into Operati...",enablement,,internal-ops,,sales|customer-success,insights-dashboards,on-demand,,https://docs.google.com/document/d/1Yi5C5X6SsKeMx0mLloP_kR1gQk9wc3sJL6h-peJbfXw/edit?usp=sharing,,,,,,,FALSE,
Ticket Submission,Asana form for submitting RevOps tickets and operational requests.,content,,,document,sales|customer-success,,,https://form.asana.com/?k=vEFTHN5vMhk-uFvmAXLNmw&d=238013372418030,,,,,,,,FALSE,
How RevOps Launches (Launch Tiering),"This document, ""Gladly RevOps: How We Launch,"" is the definitive playbook for conducting RevOps launches at Gladly.",enablement,,internal-ops,,sales|customer-success,gladly-team,playbook,,https://docs.google.com/document/d/1Sobop3Di3Y5op6yRL-me8D9-cbEHRkeeor2mVlJRCgE/edit?usp=sharing,,,,,,,FALSE,
Project Brief Templates,Templates for creating project brief documents for initiatives.,content,,,document,sales|customer-success,,,https://docs.google.com/document/d/1-6PZXNsCDD6DBZET-Cs8cMWc_WdH4w82z5jeLeIGVKk/template/preview,,,,,,,,FALSE,
User Story Training,"This document, ""User Stories Overview,"" is a presentation that defines user stories as short, simple descriptions of a feature from the user's perspective, explaining their purpose is to focus on v...",enablement,,value-realization,,sales|customer-success,,on-demand,,https://docs.google.com/presentation/d/1fBesrTk4MD-qAhYUrRxBdwvni8hmhmGIm03hLRhUuaw/,,,,,,,FALSE,
Sprint Planning Boards,Asana boards for sprint planning and project management.,content,,,document,sales|customer-success,,,https://app.asana.com/0/portfolio/1209972750071019/1209982290683926,,,,,,,,FALSE,
Core Systems Tips & Tricks,"This collection of documents serves as an internal resource for RevOps, combining system tips with project management templates.",content,,,document,sales,,,https://docs.google.com/document/d/1uBiC3y-yMgVGLkk67u_PUFttIhb9d8Nfc_qmyVM39J8/edit?usp=sharing,,,,,,,,FALSE,
Deal Desk SSOT,"The ""Deal Desk Operations (SSOT)"" document serves as the single source of truth for all sales and customer success personnel on the structure, responsibilities, and processes of the Gladly Deal Des...",enablement,,product,,sales|customer-success|implementation,gladly-sidekick|gladly-team,on-demand,,https://docs.google.com/document/d/1QSvu3dq3JFGTix066tZi-UVVpVRN1n5JpnRavFfCMmQ/edit?tab=t.kvo8s2ytjhp7#heading=h.1l4t046pu02f,,,,,,,FALSE,
Gladly Slide Template,"This document is the Gladly Slide Template 2025, a comprehensive guide designed to ensure all presentations align with the Gladly brand identity.",content,,,document,sales|customer-success,gladly-team,,https://docs.google.com/presentation/d/19gVbxwGuKvJKGDLAyRg_q_wJPcNXhSef-UgaQohEXCI/edit?slide=id.g36025773fef_0_793#slide=id.g36025773fef_0_793,,,,,,,,FALSE,
First Meeting Deck | Release 2.0 | 11/2025,"This document is the ""First Meeting Deck"" for Gladly's AI-powered customer service platform, detailing how their ""Sidekick"" and ""Hero"" agents move beyond deflection to deliver ""outcomes-based"" AI t...",coe,meeting-asset,,,sales|customer-success,gladly-sidekick,,https://docs.google.com/presentation/d/1TzNEZDVrxebVmFrHC4Jw6xhzUCPf4de7AUQ3-BxsNcY/edit?slide=id.g3a79279a5a3_1_2#slide=id.g3a79279a5a3_1_2,,,,,,,,FALSE,
Buyout Program Deck,"This is an internal, templated sales deck for the Gladly Buyout Program, which is designed to offer customers up to nine months free to reduce their upfront adoption costs and quickly realize value.",content,,,deck,sales,gladly-team,,https://docs.google.com/presentation/d/1cIkq1VaWWpDKbLiloUbFm0y0om6STAOwpBlBxHjjNyw/edit?slide=id.g26455bc3513_4_48#slide=id.g26455bc3513_4_48,,,,,,,,FALSE,
White Glove Implementation Service Template,"This document is the ""SALES: White Glove Implementation Service Template,"" designed to present a premium, personalized implementation offering.",content,,,document,sales|implementation,,,https://docs.google.com/presentation/d/1jz0QT608uwqKy4-Q_EHKmCK4LBhGU6-E5O_g91f-nHY/edit?slide=id.g26455bc3513_4_48#slide=id.g26455bc3513_4_48,,,,,,,,FALSE,
"Architecture, Security, and Integrations Deck","This document, titled ""STMP | Architecture & Security Slides | FY25 Q1,"" is a technical presentation detailing the Gladly Platform's architecture, security, reliability, and integrations, including...",content,,,deck,sales|solutions-consultant,gladly-team|app-platform,,https://docs.google.com/presentation/d/1Y5rf0oVvCpRwaDr-3cpDNHx4vNhi3NAtlpRealb2vVc/edit#slide=id.p1,,,,,,,,FALSE,
RFP Responses - Features and Capabilities Catalog,"This document is the ""Gladly Features and Capabilities Catalog,"" structured as a detailed response to a Request for Proposal (RFP) for the Gladly platform.",content,,,document,sales,gladly-team|insights-dashboards,,https://docs.google.com/presentation/d/18QltI12crYoWGqTH7VuJcR7OzcTGRsW3H7lavT_QqyE/edit#slide=id.p1,,,,,,,,FALSE,
RFX Narrative Template,"This document is the **STMP - RFP Narrative Template - Updated 2025**, a comprehensive proposal presentation from Gladly designed to respond to a potential client's Request for Proposal (RFP) for a...",content,,,document,sales|implementation,gladly-team,,https://docs.google.com/presentation/d/1k65pLU9t9JI8pHXfzBhO2aAT-WyEpvPTt1x2M8MgEOQ/edit#slide=id.p,,,,,,,,FALSE,
101 Sales Implementation Template,"This is the ""Implementation Template: 101 Sales"" deck, a resource for the Sales team to quickly share Gladly’s implementation process and philosophy with a newly signed customer.",content,,,document,sales|implementation,gladly-team,,https://docs.google.com/presentation/d/1MHch8KiJuchtUqvvzda3d6H4kUPi39ixqPoUNYhIQSk/edit?usp=drive_link,,,,,,,,FALSE,
201 SC Implementation Template,"This is the ""Implementation Template: 201 SC"" presentation, a customizable template intended for a Solutions Consultant to use during the scoping phase with a newly signed Gladly customer.",enablement,,product,,solutions-consultant|implementation,gladly-team,on-demand,,https://docs.google.com/presentation/d/1uDIMkEiY8htWjZaDt9L3LLXfZRehtXwCh9g8e3mmBUg/edit?usp=drive_link,,,,,,,FALSE,
301 PS Implementation Template,"This is the ""Implementation Template: 301 PS,"" a Google Slides deck used by Professional Services during a customer Kickoff call.",content,,,document,implementation|ps,gladly-sidekick,,https://docs.google.com/presentation/d/1WUXfLCKP4O1CQdoM3qbD-PyCVy5RyjZe4E6XuEGY1dQ/edit?usp=drive_link,,,,,,,,FALSE,
Answer Threads Kickoff Implementation Template,This document is a template presentation for the **Q1 FY26: Answer Threads Implementation Kickoff** with a customer.,coe,meeting-asset,,,implementation,gladly-team|journeys,,https://docs.google.com/presentation/d/1Kck65Q3II0SPTM1pFjmG3aXRyyRV6pHWfWldkXLzDYU/edit#slide=id.g333874597c4_0_558,,,,,,,,FALSE,
App Platform Slides,"This presentation introduces Gladly's App Platform, designed to simplify tool integration and accelerate time-to-value for customers.",content,,,deck,sales,gladly-team|app-platform,,https://docs.google.com/presentation/d/18TvAZs-KoYBWxobfOoVSuLHaLH4bckn6PSpM-iprlv0/edit#slide=id.g319cd228772_0_0,,,,,,,,FALSE,
AI Features Slides,"This presentation, titled ""STMP | AI Products | FY25 Q4,"" outlines the strategy and features of Gladly's AI products, detailing core components like the AI Engine and its functionalities, such as a...",content,,,deck,sales|customer-success,gladly-team|insights-dashboards,,https://docs.google.com/presentation/d/1mqnnp2wbyKhzbv_VLbqiuL5ChbWgEksOeSc7lXLRAuw/edit#slide=id.g27fbb62b23c_0_0,,,,,,,,FALSE,
Sidekick Voice Slides,"This document is a presentation introducing Gladly's ""Sidekick Voice,"" an AI-driven solution aimed at modernizing the traditional call center experience.",content,,,deck,sales|customer-success,gladly-sidekick,,https://docs.google.com/presentation/d/1vYEjttrei1fGRNlykK5M-rDd58VEDd1RdomUQRkcZ4E/edit?slide=id.g3529b49ba55_0_23#slide=id.g3529b49ba55_0_23,,,,,,,,FALSE,
Sidekick Standalone Slides,"This presentation, titled ""STMP: Gladly Standalone,"" is a sales and marketing deck introducing Gladly's AI-powered agent, Sidekick.",content,,,deck,sales|customer-success,gladly-sidekick,,https://docs.google.com/presentation/d/13zg3jeg-RM2d8IY04dsXC4gxZfveHg6fYIVMOTueCTc/edit?slide=id.g3533f3539b1_0_332#slide=id.g3533f3539b1_0_332,,,,,,,,FALSE,
Gladly Awards Slide,"This presentation, titled ""STMP - Awards Wall 2025,"" is a collection of Google Slides templates designed to showcase the ""Disruptive Technology of the Year"" awards and other industry recognition.",content,,,document,sales|customer-success,gladly-team,,https://docs.google.com/presentation/d/1JSs7366K039u3AhBiO-vxGEXv6b7avB5XhL_wlvyXSo/edit?slide=id.g36e847b60d7_0_343#slide=id.g36e847b60d7_0_343,,,,,,,,FALSE,
Nascar Logo Slides,"This presentation, titled ""STMP | Social Proof | Nascar Customer Logo Grids | FY25 Q2,"" contains updated customer logo grids for various industries, including Multi-Brand Retail, Food & Beverage, M...",content,,,deck,sales,,,https://docs.google.com/presentation/d/1u-Gc5HrRicUZbsJ6tIUaEze_9TP4kC8huqeYBStOSi8/edit#slide=id.p,,,,,,,,FALSE,
Travel & Hospitality Slides,"This slide library is a template focused on the Travel and Hospitality industry, designed to demonstrate how the Gladly platform transforms guest experiences into lifetime loyalty.",content,,,deck,sales,gladly-team,,https://docs.google.com/presentation/d/1MI-aor97oMteJp9ipZZDSK6gunKPhqYWCHCxjW34V9g/edit#slide=id.g3147ecaf258_0_884,,,,,,,,FALSE,
Online Marketplace Slides,"This is a confidential Google Slides presentation titled ""STMP - Slide Library - Online Marketplaces [FY25 Q4],"" which serves as a resource for Gladly's sales or marketing team.",coe,meeting-asset,,,sales,gladly-team,,https://docs.google.com/presentation/d/15lQocvlxIJKRoycn19k15Lc-oUr2Ih6jv4dJtww80_E/edit?slide=id.g3147ecaf258_0_888#slide=id.g3147ecaf258_0_888,,,,,,,,FALSE,
Partnership Capabilities Slides,"This presentation, titled ""STMP | Partner Slides,"" serves as a sales or informational deck showcasing integrated solutions for Workforce Management (WFM), Quality Assurance (QA), and Customer Satis...",content,,,deck,sales|customer-success,gladly-team,,https://docs.google.com/presentation/d/1sd2ld7dUydTXCfVP8dE6KwFewmMpj3B26NcU6DbeIfA/edit?slide=id.p1#slide=id.p1,,,,,,,,FALSE,
Playvox + Gladly Slides,"This presentation outlines the reseller partnership between Gladly and Playvox, a Workforce Engagement Management solution, built for the modern omnichannel service center.",content,,,deck,sales,gladly-team,,https://docs.google.com/presentation/d/1PY70p8qPXZ49bgKc8rdywP6OnVXAhZoXXCizqeBZ-X8/edit?usp=drive_link,,,,,,,,FALSE,
MaestoQA + Gladly Slides,"This is the **MaestroQA | Tech Alliance Partner (Gladly Field Enablement Deck)**, which outlines MaestroQA's omni-channel Quality Assurance and CX Insights solution for next-generation customer ser...",enablement,,partner,,customer-success,gladly-team|insights-dashboards,on-demand,,https://docs.google.com/presentation/d/1OM_aNQgUp8MKVLPf1LdK8jkdsTeAUfGTakCPvsmalEI/edit,,,,,,,FALSE,
Clarabridge + Gladly Slides,This document is a sales or informational presentation about the partnership and integration between Gladly and Clarabridge (CB).,content,,,deck,sales,gladly-team|insights-dashboards,,https://docs.google.com/presentation/d/1XdwvIfMwwB-P725iiBWrKT7t30Je4Hax/edit#slide=id.p1,,,,,,,,FALSE,
12/11/25 Enablement: MM/ENT Closing Excellence S4 -> Close,"This folder contains the training content for the final phases of the Enterprise and Mid-Market sales process, covering Stage 4 (Finalist) through Stage 5 (Contracting) to Closed Won.",enablement,,product,,sales|customer-success,,live-replay,,https://drive.google.com/drive/folders/1OFJnIPA3kgjAbtk5bcc9HRKWfC02j0qu,,,,,,,FALSE,
12/10/25 Enablement: SMB Sales Process Traning,"This folder is a training and reference resource for the Small-to-Medium Business (SMB) team on their new, simplified sales process.",enablement,,gtm-strategy,,sales,,on-demand,,https://drive.google.com/drive/folders/1OfgqX2HaLKpcgZAI-912TToKg1HrvmkY,,,,,,,FALSE,
12/10/25 Enablement:Partnerships Barrel,"This folder contains the notes and a recording of the ""Monthly Partnership Enablement"" session from December 10, 2025, which introduced the new agency partnership with Barrel.",coe,tool,,,sales|customer-success,gladly-team,,https://drive.google.com/drive/folders/1r22E2YGiczq7fe3nCok1pHyIFf5r1cHS,,,,,,,,FALSE,
12/4/25 Enablement:ENT/MM: Early Stage Execution S1>S3,"This selection of documents and sheets focuses on sales and Go-to-Market (GTM) strategy for Gladly, encompassing a GTM hub, competitor battlecards, and detailed sales process documentation.",enablement,,competitive,,sales,gladly-team|guides,playbook,,https://drive.google.com/drive/folders/1WLdRQ7c1tPNfwkUdzXVb9U0-pmhN5RUe,,,,,,,FALSE,
11/13/25 Enablement: Gladly Sales Process: S0 -> S1,"This selection of documents and sheets focuses on sales and Go-to-Market (GTM) strategy for Gladly, encompassing a GTM hub, competitor battlecards, and detailed sales process documentation.",enablement,,competitive,,sales,gladly-team|guides,playbook,,https://drive.google.com/drive/folders/1xbjiuteJWWVkT8K2GvNNLriS0R3urzrS?usp=drive_link,,,,,,,FALSE,
"11/13/25 Enablement: Social Comments, Product Enhancement Requests, + Competitive Partner Support","This folder contains the presentation and notes from an Enablement Hour session held on November 13, 2025, which details three key business updates.",enablement,,competitive,,sales,,on-demand,,https://drive.google.com/drive/folders/1OlOt1WdDLyFpOfX_eBkYLbGpOWkexTq0,,,,,,,FALSE,
11/12/25  Enablement: Unwrapped AI Partnership Enablement,"This video is a recording of a ""Monthly Partnership Enablement"" session where Nathan Smith of Gladly introduces Ben and Ryan from Unwrap.ai, a new data analytics partner.",enablement,,partner,,customer-success,gladly-team|insights-dashboards,live-replay,,https://drive.google.com/file/d/1DHUypayeAeLeiXSsOIcNwvd-jFm4aQy4/view,,,,,,,FALSE,
10/16/25 Enablement: Technical Buyer (CIO/CTO),"The folder contains materials from the ""EH 10/16/25: Technical Buyer Enablement"" session, which addresses the urgent need for the sales team to proactively engage with CIO and CTO personas at key a...",enablement,,competitive,,sales,,on-demand,,https://drive.google.com/drive/folders/1nbfFUgTi095VsfX3AmmzmuaSYzQocC_6,,,,,,,FALSE,
9/11/25 Enablement:Sidekick Sales Launch Enablement,"This folder contains the complete sales enablement and launch materials for ""Sidekick Sales,"" an AI-powered shopping assistant that transforms customer conversations into revenue.",enablement,,competitive,,sales,gladly-sidekick,on-demand,,https://drive.google.com/drive/folders/13Py0_Jo_W0hPjBmuvoSvASzoGAuY76JB,,,,,,,FALSE,
9/4/25 Enablement: Flip Competitive + SK Voice Roadmap,"The folder ""EH 9/4/25: Flip Competitive + SK Voice Roadmap"" contains materials primarily focused on positioning Gladly's Sidekick Voice product against its competitor, Flip.",enablement,,competitive,,sales,gladly-sidekick,on-demand,,https://drive.google.com/drive/folders/1HpX_xLFPJVlACOUl3IM9v5rB589JMFli?usp=drive_link,,,,,,,FALSE,
8/28/25 Enablement: Sidekick Standalone Land Grab,"The ""EH 8/28/25: Sidekick Standalone Land Grab"" folder contains a video recording, a presentation, and meeting notes from an Enablement Hour session on August 28, 2025.",enablement,,gtm-strategy,,sales,gladly-sidekick,live-replay,,https://drive.google.com/drive/folders/1iHvQKRgV62igGJOs78hiLFqWeJ7pQADb?usp=drive_link,,,,,,,FALSE,
8/21/25 Enablement: Sales Activity Expectations & SK Voice AMA,"contains materials from an enablement session titled ""Sales Activity Expectations & SK Voice AMA"" from August 21, 2025.",enablement,,competitive,,sales,gladly-sidekick,on-demand,,https://drive.google.com/drive/folders/1E2AScNwdHcEPceLLijcPVbMV3ur4CoV9,,,,,,,FALSE,
8/13/25 Enablement: SimpleSat Partnership Enablement,"Partnership 8/13/15: SimpleSat folder, which contains four files including a training plan, presentation, and meeting notes.",enablement,,partner,,sales|customer-success,gladly-team,on-demand,,https://drive.google.com/drive/folders/1nzLYQOMUioW4tN6N9qb2KuCxKyjxp6G0,,,,,,,FALSE,
7/17/25 Enablement: BVA SLA + Live Demo Walkthrough,This folder contains resources from an Enablement Hour session focused on two key sales topics: a new Business Value Assessment (BVA) process and the training materials for a 15-Minute Demo Certifi...,coe,meeting-asset,,,sales,,,https://drive.google.com/drive/folders/1ln1XqawDwxRGg9o1AvjVKfTemyKNc_hb?usp=drive_link,,,,,,,,FALSE,
Enablement: Field Demo Certification Intro,"The folder contains a presentation, meeting notes, and a recording related to the Field Demo Certification program, which is designed to train Account Executives, Account Managers, and Solutions Co...",enablement,,partner,,customer-success|solutions-consultant,gladly-team,live-replay,,https://drive.google.com/drive/folders/1fprUSo0UDj0cee4BI85oPwrI8CKWlgbP,,,,,,,FALSE,
7/3/2025 Enablement: July All Hands,"The GTM AH: 7/3/25 July folder contains five shortcuts to files, including the notes, slides, and recording from the July 3, 2025, Go-to-Market All Hands meeting.",enablement,,gtm-strategy,,sales,gladly-sidekick,live-replay,,https://drive.google.com/drive/folders/1HXrK9pAtoMhPLr41atfGzmOSD9aplgpV,,,,,,,FALSE,
6/26/25 Enablement: Sidekick for Zendesk,"The ""EH 6/26/25: Sidekick for Zendesk"" folder contains three files from the Enablement Hour on that date, which are focused on launching and selling the Sidekick Standalone for Zendesk offering.",enablement,,technical,,sales|solutions-consultant,gladly-sidekick,course,,https://drive.google.com/drive/folders/1IFwYsGN6lGSNfrY_djYE9Ad8laPVAQZv,,,,,,,FALSE,
Enablement:Apollo.io Enablement,Apollo.io integration enablement training and best practices.,enablement,,internal-ops,,sales|customer-success,,on-demand,,https://us-5287.app.gong.io/e/c-share/?tkn=1tl7kn6trsm38i5gk6gvgcri1&email_type=external-invitation-sent&xtid=3uwe6ri6ovh1tup14af,,,,,,,FALSE,
6/18/25 Enablement: SK for email + App Platform,"EH 6/18/25: SK for Email + App Platform, contains the notes and presentation slides from a June 18, 2025, enablement session for the sales and go-to-market teams.",enablement,,value-realization,,sales,gladly-sidekick|guides|app-platform,on-demand,,https://drive.google.com/drive/folders/1u8rrVzUyw3uhc7Ih5U8wodF_HI7mDXu8?usp=drive_link,,,,,,,FALSE,
6/12/25 Enablement: Selling High + FM Deck,"This presentation serves as sales enablement material, covering both the content for the refreshed ""First Meeting Deck"" and strategies for ""Selling High"" to executive-level contacts.",enablement,,gtm-strategy,,sales,gladly-team,on-demand,,https://docs.google.com/presentation/d/11LraGLfKuVWTg2IpB302i4W3XhA6rbsoW799J5HSvYY/edit?slide=id.g36081577ae8_0_0#slide=id.g36081577ae8_0_0,,,,,,,FALSE,
6/6/25 Enablement: Sales All Hands - Sidekick Standalone,"This document is a Google Slides presentation for a Sales All Hands meeting held on June 6, 2025, focused on the launch and go-to-market strategy for the Sidekick Standalone product.",enablement,,gtm-strategy,,sales,gladly-sidekick,on-demand,,https://docs.google.com/presentation/d/14UUKmbBjbszjve29d4Kuic2DEvmOlVcourgjEdnzWmc/edit?slide=id.p#slide=id.p,,,,,,,FALSE,
6/5/25 Enablement: June GTM All Hands,"This folder contains the meeting notes and presentation deck from the June 5, 2025, Go-To-Market (GTM) All Hands session.",enablement,,competitive,,sales,gladly-sidekick|guides|journeys|app-platform,course,,https://drive.google.com/drive/folders/1rn3LiHevDt4ycc6IpJyoo3W3vSOeZ6qa,,,,,,,FALSE,
Enablement: Answers on Voice Async Enablement,Training on implementing Answers on Voice for async customer support.,enablement,,internal-ops,,sales|customer-success,,on-demand,,https://classroom.google.com/w/NzM1NTM3MjkxNzQx/tc/Nzg2ODk1Njg4NzI3,,,,,,,FALSE,
5/9/25 Enablement: Sidekick Standalone Tactical Enablement,"The ""EH: 5/9/25 Sidekick Standalone Qualification, Discovery, Objection Handling"" folder contains comprehensive enablement materials for the launch of the new Sidekick Standalone product, including...",enablement,,competitive,,sales|implementation,gladly-sidekick,on-demand,,https://drive.google.com/drive/folders/1t5F7F5nUg9aEewVTgKXoynn7IC3goro2,,,,,,,FALSE,
5/25/25 Enablement: Sidekick Standalone + Sidekick Sales,"The folder contains foundational enablement documents, including a presentation and notes, from the May 2, 2025 session on the new Sidekick for Zendesk (Standalone) and Sidekick Sales products, det...",enablement,,value-realization,,sales,gladly-sidekick,on-demand,,https://drive.google.com/drive/folders/1MGcyQeRUqXHwbwvN8o0pRDf2x3haT4ww,,,,,,,FALSE,
4/24/25 Enablement: Journey For Answers Technical AMA + White Glove Service,"The ""EH: 4/24/25 White Glove Play + Journeys Technical AMA"" folder contains materials from a Gladly Enablement Hour session held on April 24, 2025, which introduced two key company initiatives.",enablement,,technical,,sales|solutions-consultant|implementation,gladly-sidekick|journeys,on-demand,,https://drive.google.com/drive/folders/13o-69Hd3c17N0f1-t46RIxTORB5fIlMf,,,,,,,FALSE,
4/17/25: Enablement: Sidekick for Voice,"This presentation, titled ""Sidekick Voice: Internal Onboarding,"" outlines the strategy and process for transitioning the Sidekick Voice feature from its pilot phase to a Customer Success-led limite...",enablement,,technical,,customer-success|implementation,gladly-sidekick,playbook,,https://docs.google.com/presentation/d/1T3raSldD5U_265lSCRzW1WfI13nDLkMXnbuck15Pc_I/edit?slide=id.g32a80672d40_0_115#slide=id.g32a80672d40_0_115,,,,,,,FALSE,
"4/10/25 Enablement:Sidekick Voice: Demo, Pitch, Value","This folder, titled ""EH: 4/10/25 SK for Voice Demo Pitch Value"", contains the full enablement materials for the product's new Sidekick Voice feature, including the presentation deck, detailed meeti...",coe,meeting-asset,,,sales,gladly-sidekick,,https://drive.google.com/drive/folders/1P1Z25foeBQxtPVwlhWDbpw-euL-esQT9?usp=drive_link,,,,,,,,FALSE,
4/3/25 Enablement: April GTM All Hands,"This folder contains the notes, transcript, and presentation slides from the April 3, 2025, Go-To-Market (GTM) All Hands meeting, which serves as a monthly team huddle to sync up on key updates.",enablement,,gtm-strategy,,sales|customer-success,gladly-sidekick|guides|journeys|app-platform,on-demand,,https://drive.google.com/drive/folders/1X_H3AosVMm1UDoPJAnr_iNQTbVLWfjzk,,,,,,,FALSE,
3/27/25 Enablement: BVA + Calculator Refresh,"The EH: 3/27/25 BVA + Calculator Refresh folder contains enablement materials, including meeting notes and a presentation, primarily focused on the rollout of Sidekick on Voice and the refreshed Bu...",coe,meeting-asset,,,sales|customer-success,gladly-sidekick,,https://drive.google.com/drive/folders/1IT1H1wQDGpdMGp0R4oNpqQwPJ2bU9-DT,,,,,,,,FALSE,
Enablement:Assembled Partner Enablement,"This folder contains five files, primarily meeting notes, recordings, and presentation shortcuts from recent ""Enablement Hour"" sessions.",coe,meeting-asset,,,sales,gladly-sidekick,,https://drive.google.com/drive/folders/1M_Ohrw71Bh1sRAp_AR5VvvRom-yVpxsj,,,,,,,,FALSE,
Enablement: CS - SK ROI Calculator,"The folder, titled ""EH: 2/20/25 AI Pricing"", contains sales enablement materials, including the official Desk Reference, meeting transcripts, and presentation slides detailing Gladly's updated AI p...",coe,meeting-asset,,,sales|customer-success,gladly-sidekick,,https://drive.google.com/drive/folders/1ac3fuUAoOJshUU7u2BQplnC8cwKvpZlt,,,,,,,,FALSE,
Enablement: 6Sense Best Practices,"The ""EH: 2/21/25 6Sense Best Practice"" folder contains sales enablement resources, primarily focusing on how to effectively use the 6sense intent data platform for prospecting.",coe,tool,,,sales,,,https://drive.google.com/drive/folders/1Ijg7x0_rdWhvLhoGVoMvicZ4QF8V2xhr,,,,,,,,FALSE,
2/21/25 Enablement: Customer Presentation Best Practice,"The ""EH: 2/21/25 Customer Presentation Best Practice"" folder contains guides detailing best practices for creating and delivering effective customer presentations, primarily for Gladly employees.",coe,meeting-asset,,,sales|customer-success,gladly-team|guides,,https://drive.google.com/drive/folders/1ySaiMs9Eg1aHCQLLHdiMeFHXM-hfjFmC,,,,,,,,FALSE,
1/16/25 Enablement: Guides and Journeys,"This folder contains documents and recordings primarily focused on the rollout and details of ""Guides"" and ""Journeys,"" two key components for optimizing Gladly's Sidekick AI.",coe,process-innovation,,,implementation,gladly-sidekick|guides|journeys|insights-dashboards,,https://drive.google.com/drive/folders/1-kn6fk6oeoTH3UEFqI9QB7VXYUe31cjr?usp=drive_link,,,,,,,,FALSE,
1/9/25 Enablement: Voice AI,"This folder, titled ""EH 1/9/25: Intro to Voice AI,"" contains four meeting documents and a video from recent Enablement Hour sessions focused on sales and product strategy.",coe,meeting-asset,,,sales,gladly-sidekick,,https://drive.google.com/drive/folders/1UnroMHkh611miuBExAy-3EcNx1aCDSrr?usp=drive_link,,,,,,,,FALSE,
12/19/24 Enablement: App Platform + Loop Returns,"This folder contains the recording, slides, and notes from the December 19, 2024, Enablement Hour session, which focused on two key topics: the Gladly App Platform and a partner spotlight on Loop R...",enablement,,partner,,sales,gladly-team|app-platform,live-replay,,https://drive.google.com/drive/folders/1S1hZ31LvK2E6ob6hcYiOWW9yyTkmY3Mn?usp=drive_link,,,,,,,FALSE,
12/11/24 Enablement: Transaction Threads,"The EH 12/11/24: Transaction Threads folder is a collection of enablement materials, including a presentation, a cheat sheet, and a session recording, focused on Gladly's Self-Service AI capabilities.",enablement,,value-realization,,sales,gladly-team,live-replay,,https://drive.google.com/drive/folders/1VLPH84weDD3wreRvorMBlCjM49mcSZob?usp=drive_link,,,,,,,FALSE,
Field Team Demo Certification (SCs),"This self-led program equips you to deliver a confident and compelling 15-minute & 45-minute Gladly demo that highlights our key product areas, from AI to agent experience to no-code optimization.",enablement,,internal-ops,,sales|customer-success,gladly-team,course,,https://classroom.google.com/w/Nzg4OTQxMjEzMTcx/tc/NzgzMjIzMTU1MTg5,,,,,,,FALSE,
Field Team Demo Certification (AEs/AMs),"This self-led program equips you to deliver a confident and compelling 15-minute Gladly demo that highlights our key product areas, from AI to agent experience to no-code optimization.",enablement,,internal-ops,,sales|customer-success,gladly-team,course,,https://classroom.google.com/w/Nzg4OTQxMjEzMTcx/tc/Nzg5MDc4MTY4MDQz,,,,,,,FALSE,
Discovery,"This self-led program equips you to excel in first meetings by showcasing Gladly’s value, customizing the deck, building rapport, and conducting discovery.",enablement,,value-realization,,sales|customer-success,gladly-team,course,,https://docs.google.com/document/d/1PALIKygFK0qpJUDz0TIiXPyy-xWn4oRZ9G6zezCyfYs/edit?tab=t.0,,,,,,,FALSE,
DealHub Certification,"This self-led program equips you to confidently create and manage quotes in DealHub by learning how it integrates with Salesforce, automates data sync, and streamlines the quote-to-contract process.",enablement,,internal-ops,,sales,,course,,https://classroom.google.com/w/NzM1NTM3MjkxNzQx/tc/NzY1MTYxNDE2NTEz,,,,,,,FALSE,
Gladly Customer AI Launch Video,Customer experience leaders often struggle between providing personalized service and maintaining cost-effectiveness.,enablement,,product,,sales|customer-success,gladly-team,on-demand,,https://gladly.wistia.com/medias/6j0k6m70k1,,,,,,,FALSE,
Gladly Customer AI Video,Gladly challenges the conventional trade-offs in customer experience by introducing a fundamentally different approach with Customer AI.,coe,process-innovation,,,sales|customer-success,gladly-team,,https://gladly.wistia.com/medias/1gkuxekq2f,,,,,,,,FALSE,
Stats for Customer AI,"This document is the comprehensive **Gladly 2.0 Positioning and Narrative Doc**, serving as the foundational messaging guide for the company's new phase and core offerings.",content,,,document,sales|customer-success,gladly-sidekick,,https://docs.google.com/document/d/11WASvMHVqCLqAzokS2y9YUGQdmbs5cTeqI_OrmyBApE/edit?tab=t.rfs4drsad6qd#heading=h.yxycmoincmj7,,,,,,,,FALSE,
New customer quotes,"This document outlines the core positioning and narrative for ""Gladly 2.0,"" a customer experience platform powered by Customer AI, emphasizing its unique ability to deliver both radically efficient...",content,,,document,sales,gladly-sidekick,,https://docs.google.com/document/d/11WASvMHVqCLqAzokS2y9YUGQdmbs5cTeqI_OrmyBApE/edit?tab=t.u6q1v414orxy#heading=h.poj1xfl4zvhk,,,,,,,,FALSE,
Fortune article,Fortune magazine coverage of Gladly's Customer AI innovation.,content,,,document,sales|customer-success,gladly-team,,https://brand-studio.fortune.com/gladly/gladly-unveils-customer-ai-to-reverse-the-decade-long-decline-in-cx/?prx_t=J9sJAAAAAAovEQA,,,,,,,,FALSE,
WIRED article,WIRED magazine article featuring Gladly's AI-powered customer experience.,content,,,document,sales|customer-success,gladly-team,,https://www.wired.com/sponsored/story/gladly/,,,,,,,,FALSE,
Sidekick Sales video,"In a challenging retail environment marked by rising costs and tight budgets, Sidekick Sales emerges as a solution powered by customer AI.",content,,,document,sales,gladly-sidekick,,https://gladly.wistia.com/medias/85i16s6k7a,,,,,,,,FALSE,
Refuse to Compromise Keynote,"Today’s customer experience landscape demands more — faster service, deeper personalization, and greater efficiency — but most platforms force brands to choose between connection and cost.",enablement,,product,,sales|customer-success,gladly-team,on-demand,,https://gladly.wistia.com/medias/9pmw3hcu1b,,,,,,,FALSE,
Gladly Demo 2025,"Julie Chang, a loyal customer at Retali Outdoors, experiences personalized service through Sidekick, an AI engine that engages her like a human associate.",content,,,document,sales|customer-success,gladly-sidekick,,https://gladly.wistia.com/medias/mrye3schxt,,,,,,,,FALSE,
Customer AI Video  (30 sec),The video highlights how Gladly's platform integrates customer AI to enhance user experience.,enablement,,product,,sales|customer-success,gladly-team,on-demand,,https://gladly.wistia.com/medias/9u1ti1dmce,,,,,,,FALSE,
Gladly Sidekick Video,"In a world where most AI systems deflect rather than engage, Sidekick emerges as a game-changer by providing a human-like interaction experience.",enablement,,product,,sales|customer-success,gladly-sidekick|journeys,on-demand,,https://gladly.wistia.com/medias/xzm9o5gpsl,,,,,,,FALSE,
Sidekick Sales Video,"In a challenging retail environment marked by rising costs and tight budgets, Sidekick Sales emerges as a solution powered by customer AI.",content,,,document,sales,gladly-sidekick,,https://gladly.wistia.com/medias/85i16s6k7a,,,,,,,,FALSE,
Sidekick Standalone Video,"The video discusses how AI can significantly improve customer experience when implemented correctly, contrasting it with traditional AI solutions that often prioritize cost savings at the expense o...",content,,,document,sales|customer-success,gladly-sidekick,,https://gladly.wistia.com/medias/mwar81dg26,,,,,,,,FALSE,
Sidekick Voice Video,Customers often feel frustrated by long wait times and transfers when seeking support.,content,,,document,sales|customer-success,gladly-sidekick,,https://gladly.wistia.com/medias/62ev998jm3,,,,,,,,FALSE,
Gladly One Pager,"This document is a one-pager that provides an overview of Gladly's AI-powered Customer Service Platform, which aims to move beyond legacy ticket-based systems by putting the customer at the center ...",content,,,one-pager,sales|customer-success,gladly-sidekick|insights-dashboards,,https://drive.google.com/file/d/1bT7UvpYZ3fWHfvuc_3ZQoE8AKPnoLDul/view?usp=sharing,,,,,,,,FALSE,
Customer AI One Pager,"This document is an infographic detailing Gladly's Customer AI, which serves as the intelligence layer for the Gladly CX Platform to deliver radically efficient and personal customer experiences at...",content,,,one-pager,sales|customer-success,gladly-team,,https://drive.google.com/file/d/1dVUrfYkQUHbuUY2kiM3WnfnoZOlGLY1D/view?usp=sharing,,,,,,,,FALSE,
Customer AI Guide,This presentation deck introduces two key Gladly initiatives: the Sidekick Email feature and the new App Platform.,content,,,document,sales|customer-success,gladly-sidekick|app-platform,,https://cdn.sanity.io/files/ny21dgz6/production/6af3c91cf9107316fbe87182799ea3d62f17887c.pdf,,,,,,,,FALSE,
App Platform Templated Slides,"This presentation, titled ""STMP | App Platform Slides | FY25 Q4,"" details Gladly's App Platform, focusing on its ability to offer seamless and easy integration with existing tools to solve common c...",content,,,deck,sales|customer-success,gladly-team|app-platform,,https://docs.google.com/presentation/d/18TvAZs-KoYBWxobfOoVSuLHaLH4bckn6PSpM-iprlv0/edit?slide=id.g365ca1e35f4_1_359#slide=id.g365ca1e35f4_1_359,,,,,,,,FALSE,
How to set up an App,The video guides viewers through the process of integrating apps built by Gladly.,content,,,document,sales|customer-success,gladly-team|guides|app-platform,,https://gladly.wistia.com/medias/pd782zyft1,,,,,,,,FALSE,
App Platform Technical Enablement #1,Technical enablement session #1 covering App Platform architecture fundamentals.,enablement,,technical,,sales|customer-success,app-platform,on-demand,,https://drive.google.com/file/d/1HkmtPSGCnQaiQ7MPB4YiMqKKQAPS73vm/view,,,,,,,FALSE,
App Platform Technical Enablement #2,Technical enablement session #2 on App Platform integrations and workflows.,enablement,,technical,,sales|customer-success,app-platform,on-demand,,https://drive.google.com/file/d/1TAEXaxvYTSGb-nN3PXOLuB1VqemslX79/view,,,,,,,FALSE,
App Platform Technical Enablement #3,Technical enablement session #3 for advanced App Platform development.,enablement,,technical,,sales|customer-success,app-platform,on-demand,,https://drive.google.com/file/d/1OIRseLSyGsriYJGwmH3J_1nSF68RvzSF/view?usp=drive_web,,,,,,,FALSE,
App Platform for Hero Technical Enablement #1,Technical training #1 on App Platform capabilities for Hero agents.,enablement,,technical,,sales|customer-success,app-platform,on-demand,,https://drive.google.com/file/d/176HQcMYwThLP0YQWrL-ZkWpGI1UaBYyg/view,,,,,,,FALSE,
App Platform for Hero Technical Enablement #2,Technical training #2 covering Hero-specific App Platform implementations.,enablement,,technical,,sales|customer-success,app-platform,on-demand,,https://drive.google.com/file/d/1jTqh28Z8rsgb9-MPxf9cYNcW7MkLgIje/view,,,,,,,FALSE,
Sidekick Standalone Video,"The video discusses how AI can significantly improve customer experience when implemented correctly, contrasting it with traditional AI solutions that often prioritize cost savings at the expense o...",content,,,document,sales|customer-success,gladly-sidekick,,https://gladly.wistia.com/medias/mwar81dg26,,,,,,,,FALSE,
Deck Template,"This presentation, titled ""STMP: Gladly Standalone,"" is a sales and marketing deck introducing the Sidekick AI agent for customer experience, specifically the standalone offering.",content,,,deck,sales,gladly-sidekick,,https://docs.google.com/presentation/d/13zg3jeg-RM2d8IY04dsXC4gxZfveHg6fYIVMOTueCTc/edit?slide=id.g3533f3539b1_0_332#slide=id.g3533f3539b1_0_332,,,,,,,,FALSE,
Sidekick for Zendesk One Pager,"This document is a one-pager that describes ""Sidekick for Zendesk,"" a Customer AI solution from Gladly designed to replace generic customer responses with end-to-end resolutions.",content,,,one-pager,sales|customer-success,gladly-sidekick,,https://drive.google.com/file/d/1T_jQJ4ERy44OTzj-i_7ZNF-QFeRIso66/view?usp=sharing,,,,,,,,FALSE,
Guides and Journeys One Pager,"This document is a product one-pager for Gladly's ""Guides and Journeys for Sidekick,"" a solution that empowers customer teams to own and manage their AI strategy using natural language, removing th...",content,,,one-pager,sales|customer-success,gladly-sidekick|guides|journeys,,https://drive.google.com/file/d/1AqXx3BV7UtlUeiovr20Dsc1Rc2qS-u9f/view,,,,,,,,FALSE,
Sidekick Sales One Pager,"This document is a one-pager that describes ""Sidekick Sales,"" a Gladly Customer AI solution designed to help businesses sell smarter.",content,,,one-pager,sales,gladly-sidekick,,https://drive.google.com/file/d/1AHjfTM6Lw9BoRX7tcCs6IVgXWBL7UdbL/view?usp=sharing,,,,,,,,FALSE,
Sidekick Voice One Pager,"The document is a product one-pager for ""Sidekick Voice"" by Gladly, detailing an AI-powered solution designed to deliver an instant and personalized customer experience on voice channels.",content,,,one-pager,sales|customer-success,gladly-sidekick,,https://drive.google.com/file/d/1wxAKviS7giWFTpBeAyQBpafinG9gjk-n/view?usp=drive_link,,,,,,,,FALSE,
Zendesk Demo Mockup,Demo mockup showing Sidekick integration with Zendesk environment.,content,,,document,sales|customer-success,gladly-sidekick,,https://www.figma.com/proto/JVHhluYSGETGxAxvq4TqOz/Sidekick-Standalone?node-id=221-2132&t=dXMGHj3v8Gej0hIV-0&scaling=contain&content-scaling=fixed&page-id=81%3A630&starting-point-node-id=221%3A2132,,,,,,,,FALSE,
Kustomer Demo Mockup,Demo mockup showing Sidekick integration with Kustomer environment.,content,,,document,sales|customer-success,gladly-sidekick,,https://www.figma.com/proto/JVHhluYSGETGxAxvq4TqOz/Sidekick-Standalone?node-id=272-7864&p=f&t=dXMGHj3v8Gej0hIV-0&scaling=contain&content-scaling=fixed&page-id=143%3A882&starting-point-node-id=272%3A7861,,,,,,,,FALSE,
Salesforce Demo Mockup,Demo mockup showing Sidekick integration with Salesforce Service Cloud.,content,,,document,sales,gladly-sidekick,,https://www.figma.com/proto/JVHhluYSGETGxAxvq4TqOz/Sidekick-Standalone?node-id=325-24720&p=f&t=dXMGHj3v8Gej0hIV-0&scaling=contain&content-scaling=fixed&page-id=274%3A7982&starting-point-node-id=325%3A24717,,,,,,,,FALSE,
Gorgias Demo Mockup,Demo mockup showing Sidekick integration with Gorgias environment.,content,,,document,sales|customer-success,gladly-sidekick,,https://www.figma.com/proto/JVHhluYSGETGxAxvq4TqOz/Sidekick-Standalone?node-id=383-5145&p=f&t=7UKU37sAUUQNIxIF-0&scaling=contain&content-scaling=fixed&page-id=143%3A883&starting-point-node-id=383%3A5145,,,,,,,,FALSE,
Standalone Demo Script,"This document is the **Gladly Platform Demo Guide & Script**, which outlines two comprehensive scenarios for presenting the company's Customer AI platform.",content,,,document,sales|customer-success,gladly-sidekick,,https://docs.google.com/document/d/12vNcMToBUXSbvCUwiL4gnr-b5Z6x4-pUFUJ5IOxrORg/edit?tab=t.8kwjk59gi1jo#heading=h.o17cu6wdbt7y,,,,,,,,FALSE,
Competitive Capability Research,"This spreadsheet is a detailed comparison of several AI platforms, including Sidekick, Intercom Fin, Decagon, Ada, Siena, Forethought, Sierra AI, Gorgias, Zendesk AI, Salesforce, and Genesys.",content,,,document,sales,gladly-sidekick|insights-dashboards,,https://docs.google.com/spreadsheets/d/1PupVCE-HdsYnrMkscOI2Mtw73Zbceg02rPVX7XK5TKU/edit?gid=0#gid=0,,,,,,,,FALSE,
Zendesk Competitive Snapshot,This document is a competitive analysis of **Sidekick for Zendesk** against key rivals like **Intercom Fin for Zendesk** and **Zendesk’s native AI**.,content,,,document,sales,gladly-sidekick,,https://docs.google.com/document/d/1JqejOWDJcdhUYJC62LwZsHJZvjI8BpukCW14-VRGv9k/edit?tab=t.0#heading=h.w2vezcatf8t2,,,,,,,,FALSE,
Zendesk  Sidekick Battle Card (External),"This document is a competitor battlecard titled ""Competitor Battlecard_Zendesk AI vs.",content,,,battlecard,sales,gladly-sidekick,,https://drive.google.com/file/d/1HSkV0bx4q4KltfvBiqCAmcsIEJm7OrhR/view,,,,,,,,FALSE,
Salesforce Agent SidekickBattle Card (External),This document is a competitor battlecard comparing Salesforce Agentforce and Sidekick.,content,,,battlecard,sales,gladly-sidekick,,https://drive.google.com/file/d/1T30zPp-W1jWX7vCrU5IP5ZN-6IdoyEqv/view,,,,,,,,FALSE,
Intercom Fin Sidekick Battle Card (External),"This document is a Competitor Battlecard that provides a comparison between Gladly's Customer AI product, Sidekick, and the Intercom Fin AI chatbot.",content,,,battlecard,sales,gladly-sidekick,,https://drive.google.com/file/d/1it3W8ly3oDsj25SOr-cEkkpnD_pxcyEX/view,,,,,,,,FALSE,
Sidekick For Zendesk Sequence,Outbound sequence template for Sidekick for Zendesk prospects.,content,,,document,sales|customer-success,gladly-sidekick,,https://web.outreach.io/sequences/2171,,,,,,,,FALSE,
One Off to Closed Lost Zendesk Sequence,Re-engagement sequence for Zendesk closed-lost opportunities.,content,,,document,sales|customer-success,gladly-sidekick,,https://web.outreach.io/templates/81974,,,,,,,,FALSE,
CX Persona (Flow A) - AI forward,CX persona outreach sequence with AI-forward messaging approach.,content,,,document,sales|customer-success,gladly-sidekick,,https://web.outreach.io/sequences/2152/overview,,,,,,,,FALSE,
CX Persona (Flow B) - Common pain forward,CX persona outreach sequence leading with common pain points.,content,,,document,sales|customer-success,gladly-sidekick,,https://web.outreach.io/sequences/2155/overview,,,,,,,,FALSE,
Airline Vertical Sequence,Vertical-specific outbound sequence for airline industry prospects.,content,,,document,sales|customer-success,gladly-sidekick,,https://web.outreach.io/sequences/2156,,,,,,,,FALSE,
Call Scripts,"This is an internal sales and marketing playbook, ""Internal Facing: New APEX Outbound Messaging,"" detailing Gladly's Go-To-Market (GTM) strategy for its AI agent, Sidekick.",enablement,,competitive,,sales,gladly-sidekick,playbook,,https://docs.google.com/document/d/1vgX7fLSS2w7BKs2J3IzU_OOml4-LcDY-1SU1jqv4j3c/edit?tab=t.0#heading=h.d3hy6i1trs2l,,,,,,,FALSE,
Sidekick Standalone Play,"These documents comprise a suite of sales enablement materials, presentations, and detailed implementation blueprints for Gladly’s Sidekick AI solution, focusing on its use as a standalone product ...",enablement,,value-realization,,sales|implementation,gladly-sidekick,playbook,,https://docs.google.com/document/d/1wPX5JDe_2awuql2zK5aPJnYcDQ-rAqTHWTslUzvs03Y/edit?tab=t.2f7vl8kjvusu,,,,,,,FALSE,
Guides Sales Prototype,"This document, titled ""Product Prototypes + Scripts 2025,"" contains information, scripts, and directions for two features further out on the product roadmap: the Guides Prototype and the Sidekick S...",content,,,document,sales|solutions-consultant,gladly-sidekick|guides|journeys,,https://docs.google.com/document/d/10YIgb8-OUFY7K_fbhXZByC30PqgLfDZ4HLPqN-9e6Go/edit?tab=t.e47fz4z840sx#heading=h.d25glnaujae3,,,,,,,,FALSE,
Sidekick Sales Video,"In a challenging retail environment marked by rising costs and tight budgets, Sidekick Sales emerges as a solution powered by customer AI.",content,,,document,sales,gladly-sidekick,,https://gladly.wistia.com/medias/85i16s6k7a,,,,,,,,FALSE,
Sidekick Sales One Pager,"This document is a product one-pager for Sidekick Sales, an AI solution from Gladly Customer AI designed to turn customer conversations into revenue across all touchpoints and channels.",content,,,one-pager,sales,gladly-sidekick|journeys,,https://drive.google.com/file/d/1AHjfTM6Lw9BoRX7tcCs6IVgXWBL7UdbL/view?usp=sharing,,,,,,,,FALSE,
Sidekick Sales Differentiation Battle Card,"This document is a ""Differentiation Battle Card"" that outlines the competitive advantages of a company's offerings, likely Gladly based on the footer.",content,,,battlecard,sales|customer-success,gladly-sidekick,,https://drive.google.com/file/d/1LbVIO3dhY61GxT2_08CQx_5tbl-Q5SmX/view?usp=sharing,,,,,,,,FALSE,
Sidekick Sales Use Case PNG,"The image depicts a mobile chat interface, likely from a customer service or e-commerce application, where a user is discussing an upcoming summer wedding in California, mentioning their size as 8 ...",content,,,document,sales,gladly-sidekick,,https://drive.google.com/file/d/1GwGU8IsTnlde0-9EV48kTUenqjIb0Q4F/view,,,,,,,,FALSE,
Sidekick Sales Messaging Brief,"This document is the ""Sidekick Sales - Messaging Brief,"" which details a Gladly Customer AI product designed to transform customer service conversations into revenue opportunities across the entire...",content,,,document,sales,gladly-sidekick,,https://drive.google.com/file/d/1U-DqVT-D9RQo9ClS1sV8_oafCkHOGidn/view?usp=drive_link,,,,,,,,FALSE,
Sidekick Sales Command of the Message,"This document is the ""Sidekick Sales – Command of the Message Guide"", which is designed for customer service and ecommerce leaders who need to grow revenue without increasing ad spend.",content,,,document,sales|implementation,gladly-sidekick,,https://drive.google.com/file/d/1e_fqoiDMMvxUxfXxid2DSbmZwMBomHae/view?usp=sharing,,,,,,,,FALSE,
Sidekick Sales Market Analysis,"This document is a comprehensive market research report on the retail and ecommerce AI product recommendation market, valued at over $8.65 billion in 2025.",enablement,,competitive,,sales,gladly-sidekick|insights-dashboards,on-demand,,https://drive.google.com/file/d/1v_igXahYX3M-1WvqIywWBDMVDud9TxBv/view?usp=sharing,,,,,,,FALSE,
Sidekick Voice Deck Template,"This presentation introduces ""Sidekick Voice,"" a Generative AI-powered solution designed to revolutionize the customer call center experience by eliminating long wait times and rigid IVR systems.",content,,,deck,sales|implementation,gladly-sidekick,,https://docs.google.com/presentation/d/1vYEjttrei1fGRNlykK5M-rDd58VEDd1RdomUQRkcZ4E/edit?slide=id.g3529b49ba55_0_23#slide=id.g3529b49ba55_0_23,,,,,,,,FALSE,
Sidekick Voice One Pager,"The document is a product one-pager for Gladly's Sidekick Voice, an AI-powered solution designed to deliver instant, personalized, and frictionless customer support on voice by leveraging generativ...",content,,,one-pager,sales|customer-success,gladly-sidekick,,https://drive.google.com/file/d/1wxAKviS7giWFTpBeAyQBpafinG9gjk-n/view?usp=drive_link,,,,,,,,FALSE,
Sidekick Voice Email Template,"This collection of documents, primarily focused on the **Sidekick on Voice** product, outlines the **internal expansion process** to top 20 customers, provides **customer-facing slides** detailing ...",content,,,document,implementation,gladly-sidekick|guides|journeys|insights-dashboards,,https://docs.google.com/document/d/1vrzb4BL99Bdvv2T4B2v-A0APx7AC7JC4IAC0i0MlR3k/edit?tab=t.jm0ipixr5a0e#heading=h.fe2qyuv9l64q,,,,,,,,FALSE,
Sidekick Voice Top 20 Selling Kit,"This collection of documents serves as a comprehensive ""Top 20 Selling Kit"" for Gladly's **Sidekick Voice** product, providing Account Managers with the resources needed to confidently position, pi...",coe,tool,,,sales,gladly-sidekick,,https://docs.google.com/document/d/1JOiR2HIDwXNUMvDK46nUV7wtX-ccRtdzgLwVTdAgiU4/edit?tab=t.xo5wtcjy81r#heading=h.gv0z05tkfbo2,,,,,,,,FALSE,
Sidekick Voice Positioning Pricing,Sidekick Voice positioning framework and pricing structure overview.,content,,,document,sales|customer-success,gladly-sidekick,,https://docs.google.com/document/d/1JOiR2HIDwXNUMvDK46nUV7wtX-ccRtdzgLwVTdAgiU4/edit?tab=t.xo5wtcjy81r#heading=h.gv0z05tkfbo2,,,,,,,,FALSE,
Sidekick Voice PR,Press release and media materials for Sidekick Voice launch.,content,,,document,sales|customer-success,gladly-sidekick,,https://finance.yahoo.com/news/gladly-launches-industrys-only-ai-150000369.html?guccounter=1&guce_referrer=aHR0cHM6Ly93d3cuZ29vZ2xlLmNvbS8&guce_referrer_sig=AQAAAMOtaBVoHH6eQeIc15vEu0mQ8_mCXzbdowtqQArqXohaTjYSTLcCEFiXtUH5tD7u4tDRPRfcruR9-mIaZgNiNvVNNdZQphZKRq1_tg5Icnna-rux8rT7fxcmAuqZnsoCectKwVKJUadrgozr3JKaUHd_-yTD-oaETJKnyJsc4krp,,,,,,,,FALSE,
Voice COmpetitive Landscape,"This spreadsheet, titled ""Voice AI Competitive Landscape,"" provides an overview of various companies in the Voice AI space, categorized as either Platform or AI Point Solution providers.",content,,,document,sales|customer-success,gladly-sidekick,,https://docs.google.com/spreadsheets/d/10JXfIooSo3nLNuU8p468f91uUbXqxGFh9tsONsv-ebQ/edit?gid=0#gid=0,,,,,,,,FALSE,
Flip.cx Voice Battle Card,"This collection of documents is the comprehensive sales and enablement kit for Gladly's Sidekick Voice AI product, along with context on the broader Sidekick feature updates and pricing.",coe,tool,,,sales,gladly-sidekick,,https://docs.google.com/document/d/1JOiR2HIDwXNUMvDK46nUV7wtX-ccRtdzgLwVTdAgiU4/edit?tab=t.0#heading=h.dpgshr71bogs,,,,,,,,FALSE,
Zendesk Voice Battle Card,"This collection of competitive intelligence documents for Gladly is comprised of a monthly Competitor Newsletter and battlecards for key rivals like Salesforce, Sprinklr, and Kustomer.",content,,,battlecard,sales,gladly-sidekick,,https://docs.google.com/document/d/1HslXCHVT2-X4Rvl0eRTlZ0o3ZVbyVfIscjwzwQeQ40o/edit?tab=t.5kc6ewikdofi#heading=h.xdw29mm2inzb,,,,,,,,FALSE,
Sidekick Voice vs. The Rest,"In this interaction, a customer reaches out for help with their order, initially seeking assistance to look it up.",content,,,document,sales|customer-success,gladly-sidekick,,https://gladly.wistia.com/medias/60zhas178n,,,,,,,,FALSE,
Voice Readiness Checklist,"This collection of documents and presentations details the strategy, features, and technical implementation process for expanding Gladly's Sidekick on Voice product to priority customers.",content,,,document,sales|implementation,gladly-sidekick|guides,,https://docs.google.com/document/d/1vrzb4BL99Bdvv2T4B2v-A0APx7AC7JC4IAC0i0MlR3k/edit?tab=t.4glust1srlw1#heading=h.o6g9lfqblio6,,,,,,,,FALSE,
Voice Testing Checklist,"This document is a TEMPLATE - Sidekick on Voice testing checklist, designed to guide users through the validation of a new Voice AI IVR implementation.",content,,,document,implementation,gladly-sidekick,,https://docs.google.com/document/d/17EX3ZoyMaNVcajoverDs3BfH4wdBo4SD9Hw9yBOOB8A/edit?tab=t.0#heading=h.mmcojxvb52r5,,,,,,,,FALSE,
Sidekick Answers + Actions | Best Practices,"This collection of documents serves as the comprehensive ""single source of truth"" for the Sidekick Answers and Actions product, providing best practices, setup guides, and key resources.",coe,internal-best-practice,,,sales|customer-success,gladly-sidekick|guides,,https://docs.google.com/document/d/17xw1-c5Is6tDT7mwR3ZejHhjlU1sanRfdiSjjQrgAbU/edit?tab=t.6jyoekj0psl#heading=h.ln4hvsxicr78,,,,,,,,FALSE,
Voice Implementation Deck,"This document is the **Sidekick Voice Implementation Kickoff** presentation template, designed to guide a customer-specific project.",coe,meeting-asset,,,implementation,gladly-sidekick|journeys,,https://docs.google.com/presentation/d/1VT38dCAXkZU1YOSZvsH-NVManTbWVDOEINKtkcyaClc/edit?slide=id.g340b551edba_0_9#slide=id.g340b551edba_0_9,,,,,,,,FALSE,
Sidekick Email Video,"The video showcases Sidekick, a tool designed to enhance email communication by providing personal and intelligent responses.",content,,,document,sales|customer-success,gladly-sidekick,,https://gladly.wistia.com/medias/zpzwcogrr5,,,,,,,,FALSE,
Intro Deck Sidekick Email,"This presentation outlines the launch and capabilities of 'Sidekick Email,' a feature designed to address the challenges of long, unstructured, and backlog-prone email support.",content,,,deck,sales|customer-success,gladly-sidekick|guides,,https://docs.google.com/presentation/d/1Tc8wCa4b9Z7twKWEzALmw4fZXzMDmVjUDCXKOijQIoU/edit?slide=id.g32b5dfa9669_0_4#slide=id.g32b5dfa9669_0_4,,,,,,,,FALSE,
Email How It Works One Pager,"This document, ""Sidekick for Email – how to (1).pdf,"" serves as a guide detailing the setup, functionality, and best practices for using Gladly Customer AI's Sidekick for Email.",coe,process-innovation,,,sales|customer-success,gladly-sidekick|guides,,https://drive.google.com/file/d/13dnD1-PPkfsJKIf13gQfwyNSijF6jBc5/view,,,,,,,,FALSE,
Email Generic One Pager,"This document, titled **Sidekick Email Follow-Up Template & Outreach Guidelines**, provides a structured approach for Account Managers (AMs), Account Executives (AEs), and Customer Success Managers...",content,,,one-pager,customer-success,gladly-sidekick|insights-dashboards,,https://drive.google.com/file/d/1QqgQC4Guc2cbxU1gv335XLUcpNkvbHvI/view,,,,,,,,FALSE,
Email Follow Up Template,"This document, titled **Sidekick Email Follow-Up Template & Outreach Guidelines**, provides a structured approach for Account Managers (AMs), Account Executives (AEs), and Customer Success Managers...",content,,,document,customer-success,gladly-sidekick|insights-dashboards,,https://docs.google.com/document/d/1f2FfOZ2NcfxbAZKKiKU2lf0MHmqDoTSOmPywWeZ2LKw/edit?tab=t.0#heading=h.kunqxs6coql,,,,,,,,FALSE,
Social Comments Video,"In this video, agents learn how to efficiently manage comments and messages from various social media platforms through a unified interface.",enablement,,product,,sales|customer-success,gladly-sidekick,on-demand,,https://gladly.wistia.com/medias/4xt2udvwas,,,,,,,FALSE,
Social Comments Messaging Brief,"This document is a comprehensive messaging brief for Gladly's ""Social Comments"" feature, which outlines the value proposition, key messages, and positioning for bringing Instagram comments into the...",enablement,,competitive,,sales,gladly-sidekick,on-demand,,https://docs.google.com/document/d/1BcXnWp8z9HDPahEzcAK7UDg6ODTLXHME-TCK_uA_KtQ/edit?tab=t.0,,,,,,,FALSE,
Social Comments Slide Insert,This presentation introduces the new feature that brings customer social media comments directly into the Gladly platform.,content,,,document,sales|customer-success,gladly-sidekick,,https://docs.google.com/presentation/d/1FiSsm0BjOYMUKlmZKQ9pnpnhEP6N7lLCJgHDzomAWUI/edit?slide=id.g39b2ce3d831_0_447#slide=id.g39b2ce3d831_0_447,,,,,,,,FALSE,
Sidekick Expansion Playbook,"The purpose of this playbook is to empower Gladly’s Account Management and Customer Success teams with the insights, actions, and resources they need to drive meaningful expansion of Sidekick.",enablement,,product,,customer-success,gladly-sidekick|insights-dashboards,playbook,,https://docs.google.com/document/d/1oNpLt1B6-dwblKtxXiQiYGynLkYesCe8LjAwhoIyQps/edit?usp=drive_link,,,,,,,FALSE,
Sidekick Adoption Playbook,"The purpose of this playbook is to empower Gladly’s Account Management and Customer Success teams with the insights, actions, and resources they need to drive meaningful adoption of Sidekick – acro...",enablement,,value-realization,,customer-success,gladly-sidekick|insights-dashboards,playbook,,https://docs.google.com/document/d/1jZSBq3GSv5iA33ZwAvv0dLGFQmKf2l4bIFVPZvr2T2g/edit?usp=drive_link,,,,,,,FALSE,
Sidekick for Zendesk Play,"This play is designed to help you in selling Sidekick as a standalone AI product to businesses currently using Zendesk who want to elevate their CX with personalized, end-to-end automation without ...",enablement,,internal-ops,,sales,gladly-sidekick,playbook,,https://docs.google.com/document/d/1wPX5JDe_2awuql2zK5aPJnYcDQ-rAqTHWTslUzvs03Y/edit?tab=t.2f7vl8kjvusu,,,,,,,FALSE,
White Glove Implementation Service + Buyout Program Play,"This play tackles friction in implementation, especially for Stage 3+ enterprise deals.",enablement,,value-realization,,implementation,,playbook,,https://docs.google.com/document/d/1CzOkCAs3cHxzDmLZwCVQSeKlVjuo7uftY5Yso-05DWk/edit?tab=t.2f7vl8kjvusu#heading=h.5cav0eubzkz7,,,,,,,FALSE,
Live Customer Example Play Library,This play allows prospects to experience Gladly in a real-world setting using live customer environments.,enablement,,value-realization,,sales,gladly-sidekick,playbook,,https://docs.google.com/document/d/1yJV4fHvPCu99QqMKr2QuB2_MSacc-nNiEOKj_kfCLqE/edit?tab=t.0#heading=h.tjb0gwcnipxo,,,,,,,FALSE,
RFP Lockout Play,"This play is designed to influence an RFP before it is issued, positioning Gladly as the preferred solution.",enablement,,gtm-strategy,,sales|customer-success,gladly-team,playbook,,https://docs.google.com/document/d/1Qch86aH3u8v3R7cV5nWGPTKuOhzeolOHYOuTGMYWXCA/edit?tab=t.0,,,,,,,FALSE,
Kustomer Competitor Knockout Play,This play is designed to re-engage closed-lost opportunities from Kustomer by leveraging recent changes at Kustomer.,enablement,,competitive,,sales,gladly-team,playbook,,https://docs.google.com/document/d/1Qch86aH3u8v3R7cV5nWGPTKuOhzeolOHYOuTGMYWXCA/edit?tab=t.0,,,,,,,FALSE,
Champion Kit Play,This play equips internal champions with resources to promote Gladly within their organization.,coe,tool,,,sales|customer-success,gladly-team|insights-dashboards,,https://docs.google.com/document/d/1EL4-ZXrgc-uZxLpM8FzI_iafY-oxkqozUkActJVixIA/edit?tab=t.0#heading=h.tjy6r743vffo,,,,,,,,FALSE,
Self-Guided Implementation One Pager,"This document is a one-pager on Gladly's ""Self-Guided Gladly Implementation,"" which is a flexible option for teams with less than 10 agents to configure the essential features of the platform at th...",content,,,one-pager,implementation,gladly-team|guides,,https://drive.google.com/file/d/1w4S1IzIN7-JEjyi_7UhhWWc0LG0Bpd6s/view?usp=drive_link,,,,,,,,FALSE,
Gladly Eliminates Silos One Pager,"This document, titled ""Use Case One Pager_Gladly Eliminates Siloes_April 2025.pdf,"" is an overview of how Gladly breaks out of siloed support experiences by integrating all customer conversations i...",content,,,one-pager,sales|customer-success,gladly-sidekick,,https://drive.google.com/file/d/1pY4hOMPc7YhXm2AskFHACR6Zw33MDcnR/view?usp=sharing,,,,,,,,FALSE,
Tickets vs Customer One Pager,This one-pager from Gladly compares the benefits and drawbacks of ticket-based and customer-based Customer Experience (CX) systems.,coe,internal-best-practice,,,sales|customer-success,gladly-team,,https://drive.google.com/file/d/1Oa8C8FDs3SroU03unBen6fPGkAUpn-_Y/view?usp=drive_link,,,,,,,,FALSE,
Gladly Partner Battle Card One Pager,"This document is the ""Partner One Pager"" or ""Gladly Battlecard,"" providing an overview of Gladly's AI-powered customer service platform.",content,,,battlecard,sales|customer-success,gladly-team,,https://drive.google.com/file/d/17_9LCwnL9BH1ZfoeLQOhHPqn7RHNN-If/view?usp=drive_link,,,,,,,,FALSE,
Online Marketplace Vertical One Pager,"This document, titled ""Vertical One Pager_Marketplace Solutions_Nov 2024.pdf,"" presents Gladly's AI-powered Customer Service Platform and its specialized ""Marketplace Solutions"" for delivering trus...",content,,,one-pager,sales|customer-success,gladly-team,,https://drive.google.com/file/d/1CRXgCgj_ruiJ0Clpjzb6UevL14WIXqRg/view,,,,,,,,FALSE,
Travel & Hospitality Vertical One Pager,"This document is a one-sheet (datasheet) for Gladly, which describes how their AI-powered, customer-centric service redefines guest experiences in the travel and hospitality vertical.",content,,,one-pager,sales,gladly-team,,https://drive.google.com/file/d/1Mu1MGPsSrE8ShpCKaCNS6ISQrTox3dfi/view?usp=sharing,,,,,,,,FALSE,
Travel & Hospitality Vertical Analysis,"This document, ""Travel & Hospitality Vertical Analysis,"" provides a comprehensive overview of the travel and hospitality industry, detailing its current trends, key audience segments, and major pai...",content,,,document,sales,gladly-team,,https://docs.google.com/document/d/1GhbYoFlbHIXS-tVdMy1_ngotx5gzxCEPl-ySJN3lA3E/edit?tab=t.0,,,,,,,,FALSE,
Travel & Hospitality Sequence Messaging,"This document is a ""Travel / Hospitality Sequence Messaging"" guide containing a series of email and social media templates for a sales or marketing outreach campaign.",content,,,document,sales,gladly-team,,https://docs.google.com/document/d/18nBbbcnX7IV4a6qHtgaqgo-2SVWB_RS_-KCPb3dmP_c/edit?tab=t.0#heading=h.fe2qyuv9l64q,,,,,,,,FALSE,
Travel & Hospitality FAQs,This document is a Frequently Asked Questions (FAQ) guide for the Travel & Hospitality and Online Marketplaces verticals.,content,,,document,sales,gladly-team,,https://docs.google.com/document/d/1Cdd_ivXFOs2k1pipyeUUgSLTdUr3CSfzxq-qGErmkBs/edit?tab=t.0#heading=h.iwuloo3jzt5f,,,,,,,,FALSE,
Online Marketplaces Slides,"This slide library, titled ""STMP - Slide Library - Online Marketplaces [FY25 Q4],"" focuses on how Gladly's platform delivers excellence at scale for online marketplaces.",coe,meeting-asset,,,sales|customer-success,gladly-team,,https://docs.google.com/presentation/d/15lQocvlxIJKRoycn19k15Lc-oUr2Ih6jv4dJtww80_E/edit#slide=id.g3147ecaf258_0_888,,,,,,,,FALSE,
Online Marketplace Vertical Analysis,"This document, titled ""Marketplace Vertical Research - 2024,"" is a comprehensive analysis of the marketplace vertical, detailing market size (projected to exceed $5 trillion by 2025), key industry ...",content,,,document,sales,gladly-team,,https://docs.google.com/document/d/1RGiv1Hb4fPfikezxsxIj4agGRN1Nl_zPMK3MY7vUnxM/edit?tab=t.0#heading=h.uuzsw2r8k3fj,,,,,,,,FALSE,
Marketplace Sequence Messaging,"This document contains a structured, multi-step sales outreach sequence, titled ""High Volume Marketplace Sequence Messaging,"" designed for engaging potential clients in the marketplace sector.",coe,tool,,,sales,gladly-team,,https://docs.google.com/document/d/1A3e5Q5vYkOZJo4i14hdfHDXH8ewCo9TTz0699FqEkU0/edit?tab=t.0#heading=h.fe2qyuv9l64q,,,,,,,,FALSE,
Online Marketplaces FAQs,This document is a Frequently Asked Questions (FAQ) guide focused on the Travel & Hospitality and Online Marketplaces verticals.,content,,,document,sales,gladly-team,,https://docs.google.com/document/d/1Cdd_ivXFOs2k1pipyeUUgSLTdUr3CSfzxq-qGErmkBs/edit?tab=t.0#heading=h.iwuloo3jzt5f,,,,,,,,FALSE,
7/17/26 BVA SLA + Demo Walkthrough,Live demo walkthrough of BVA SLA calculator and value metrics.,coe,meeting-asset,,,sales|customer-success,,,https://docs.google.com/presentation/d/1Xrvj5G2QH9Cz85c4F8nJKKtex4YL7MBdyUf5K4kxaFM/present?slide=id.g36729fa5026_3_52,,,,,,,,FALSE,
Gladly Value Based Selling Series Video,Video series on Gladly value-based selling methodology and techniques.,coe,internal-best-practice,,,sales,gladly-team,,https://drive.google.com/file/d/1UyX7dPuJtPFywtYQR_ZL068oL2TTDeaW/view,,,,,,,,FALSE,
*New* Pre-Sales BVA,Choose your own adventure (BVA)! Take customer inputs and Gladly benchmarks to project what a potential 3-year impact could look like for a prospect who is considering Hero and/or Sidekick.,coe,meeting-asset,,,sales,gladly-sidekick,,https://docs.google.com/spreadsheets/d/1BX9m4ogrOi6sA3qQtwjSm6WpGqKpT30CxJZh1nWzsvA/edit?gid=1938166837#gid=1938166837,,,,,,,,FALSE,
Sidekick ROI Calculator,This top-down model looks at current and/or future value of Sidekick by quantifying the impact of assists and resolutions.,coe,tool,,,sales|customer-success,gladly-sidekick|insights-dashboards,,https://docs.google.com/spreadsheets/d/1PMTbK4qKdIdlFFezp2lT9KQQNI7XQTM0taun7ySAXFk/edit,,,,,,,,FALSE,
BVA Readout template,The BVA Readout Template template helps you tell a compelling value story to a customer or prospect with financial justification!,coe,meeting-asset,,,sales|customer-success,,,https://docs.google.com/presentation/d/15ScGeoNBnZ63_RZ5eOwhDouVTCZR4l9xG1jYs8F79d0/present?slide=id.g373e63e2f84_0_373,,,,,,,,FALSE,
Sidekick Voice PAYG Pricing calculator,"Estimate potential three-year Sidekick Voice telephony & consumption costs. Ensure you validate inputs (volume, handle time, telephony, Sidekick call duration) with SMEs, should you have questions.",coe,tool,,,sales|customer-success,gladly-sidekick,,https://docs.google.com/spreadsheets/d/1MYtm9riUTgLX3jNXbGFcbFuzXnPppF7zN79xEZM58UU/edit?gid=0#gid=0,,,,,,,,FALSE,
Customer Meeting Slides,"For CS: Identify slides based on outcome to lead a compelling, actionable customer meeting.",coe,meeting-asset,,,sales|customer-success,gladly-team,,https://docs.google.com/presentation/d/1BMqm50ls4lJfYPw1TSyoSFjuBmM3u2m8PVEwTNy5Rko/edit?slide=id.g33d39233a97_0_6#slide=id.g33d39233a97_0_6,,,,,,,,FALSE,
Customer Asset Library,"Find prior customer executive decks, BVA models, QBR decks, and more here to learn from!",coe,meeting-asset,,,sales|customer-success,,,https://docs.google.com/spreadsheets/d/1F6hagYyIKi614gmOO7WedoCs2CItxOoCVepQTXQiWTQ/edit?gid=1403690311#gid=1403690311,,,,,,,,FALSE,
Proof Point + CoE Repository,"Find prior customer executive decks, BVA models, QBR decks, and more here to learn from!",coe,meeting-asset,,,sales|customer-success,,,https://docs.google.com/spreadsheets/d/1Y0n1rVskWIzWcegwCbfP7YUXkjV58TFf5S7LLxMkFNA/edit?gid=1725734072#gid=1725734072,,,,,,,,FALSE,
BVA Intro deck for Customers,"This deck can supplement your discovery to introduce the exercise to prospect or customers: the BVA process, why it could benefit them, potential data required, and what sample outputs look like.",coe,meeting-asset,,,sales|customer-success,,,https://docs.google.com/presentation/d/1AWu9KZw2Kcc6oThj2q6FU0oXGeqavwlJ9KD3uEXyyMo/edit#slide=id.g2815936df9e_0_7,,,,,,,,FALSE,
Customer BVA One Pager,"Did you walk your customer through the BVA approach, and they asked for a summary?",coe,meeting-asset,,,sales|customer-success,,,https://drive.google.com/open?authuser=0&id=1x7vzm8ERhvNdqXeSTBs1n7EgdHBscqNS,,,,,,,,FALSE,
Ada Battlecard,"This document is a competitive battle card positioning Gladly's ""Sidekick"" against Ada AI, a no-code automation platform focused on scaling customer support with features like a visual flow builder...",content,,,battlecard,sales,gladly-sidekick,,https://drive.google.com/file/d/1fnwJuqQuQt7iZDIBa3MePAfncnGF7Ee7/view?usp=drive_link,,,,,,,,FALSE,
Intercom Fin Battlecard,"This document is a competitive battle card detailing the strengths and weaknesses of Intercom Fin, a high-performing AI agent, to help Gladly's sales team position their platform against it.",content,,,battlecard,sales,gladly-team,,https://drive.google.com/file/d/1hxDSNP-QyNMETjwxSv5PQ42kIHAmuh6y/view?usp=drive_link,,,,,,,,FALSE,
Sierra Battlecard,"This document is the ""Sierra Battlecard,"" a competitive analysis positioning Gladly's Sidekick AI platform against Sierra, an autonomous agent platform serving support, sales, and operations.",content,,,battlecard,sales,gladly-sidekick,,https://drive.google.com/file/d/10ojRCBWs5FFjHEUm9Hxg597kdGAGHgLy/view?usp=drive_link,,,,,,,,FALSE,
Zendesk Battlecard,"This document is a competitive battle card from Gladly, positioning its platform against Zendesk, which is described as a mature CX platform focused on service efficiency and automated resolution.",content,,,battlecard,sales,gladly-sidekick,,https://drive.google.com/file/d/1wytz1MQTAFPBNJZ-za-nhpP083UudHye/view?usp=drive_link,,,,,,,,FALSE,
Gorgias Battlecard,"This document is a competitive battle card, last updated in November 2025, positioning Gladly against Gorgias, an e-commerce customer service platform.",content,,,battlecard,sales|customer-success,gladly-team|insights-dashboards,,https://drive.google.com/file/d/18QRQimV3gSjfZw7uSsFfXBLxICy0_qFg/view?usp=drive_link,,,,,,,,FALSE,
Decagon Batttlecard,"This document is a competitive battle card comparing the AI agent platform Decagon with Gladly, positioning Gladly as the preferred solution.",coe,internal-best-practice,,,sales|customer-success,gladly-team,,https://drive.google.com/file/d/1-KbCuHpkUuCiJmSZkYO9imBki3sa50IZ/view?usp=drive_link,,,,,,,,FALSE,
Genesys Battlecard,"This document is a competitive battle card focused on Genesys, positioning it against Gladly as a ""Hero and Sidekick Competitor."" It outlines key differentiators for Gladly over Genesys, focusing o...",coe,internal-best-practice,,,sales,gladly-sidekick,,https://docs.google.com/document/d/1h9B0TPLhLPvV1HIu43u4_NQbx0eWhuffYIMW40-kZVM/edit?usp=drive_link,,,,,,,,FALSE,
Dixa Battlecard,"This document is a ""Dixa Battle Card"" for Gladly, designed to equip sales teams with information for competing against Dixa.",content,,,battlecard,sales,gladly-team|insights-dashboards,,https://docs.google.com/document/d/1_x1GZjDmha5lDn-Fn2a0tkeAV10NdVeN0nP147KX3lk/edit?usp=drive_link,,,,,,,,FALSE,
Kustomer Battlecard,Competitive battlecard with knockout positioning against Kustomer.,content,,,battlecard,sales|customer-success,,,https://docs.google.com/document/d/1z-ePQ3ApRnIdaZYaoJt03_MT5IibRID6TOgDqpYXslo/edit?usp=drive_link,,,,,,,,FALSE,
Salesforce Service Cloud Battle Card 2024,"This document is the ""Salesforce Service Cloud Battle Card,"" designed for Gladly sales teams to compete against Salesforce Service Cloud.",content,,,battlecard,sales|implementation,gladly-team,,https://docs.google.com/document/d/1C959ewp303oQtG_qcsB7Wyipq8AIe5bpY-uLh2ncDFo/edit?usp=drive_link,,,,,,,,FALSE,
Netomi Battle Card 2024,"This document is a ""Netomi Battle Card"" that compares Gladly's Sidekick product against the competitor Netomi, positioning Netomi as a ""Sidekick Competitor."" It highlights Gladly Sidekick's advanta...",enablement,,competitive,,implementation,gladly-sidekick,on-demand,,https://docs.google.com/document/d/10SGlOfQa6ScUmQX4qAgpe_YrSdZPFtHDnK_lFK7bSAI/edit?usp=drive_link,,,,,,,FALSE,
Linc Battle Card 2024,"The ""Linc Battle Card 2024"" is a competitive document comparing Gladly Sidekick with the competitor Linc.",content,,,battlecard,sales|customer-success,gladly-sidekick|insights-dashboards,,https://docs.google.com/document/d/1vpQ9pWOMhNjA-bzMeMZAsegTaiHU6QgTLjigIlvfy28/edit?usp=drive_link,,,,,,,,FALSE,
Sprinklr Battlecard 2024,"This document is a ""Sprinklr Battlecard"" for the Gladly sales team, providing strategies and talking points to compete against Sprinklr in sales deals.",content,,,battlecard,sales|implementation,gladly-team,,https://docs.google.com/document/d/1LTHFTItCxQHYg894EE0s0ewtL0w1uYihCImJjMdW3Pg/edit?usp=drive_link,,,,,,,,FALSE,
Zendesk vs Gladly: CI Analysis 2025,"This document is a Competitive Intelligence Analysis comparing Zendesk and Gladly's customer service platforms, focusing on features, pricing, and market positioning.",content,,,document,sales|customer-success,gladly-sidekick|gladly-team,,https://docs.google.com/document/d/1ISCpT49SKsxg9OVhFepvKvF4M-IApszxnKC09GAqNh4/edit?usp=drive_link,,,,,,,,FALSE,